Loan_ID,Gender,Married,Dependents,Education,Self_Employed,ApplicantIncome,CoapplicantIncome,LoanAmount,Loan_Amount_Term,Credit_History,Property_Area,Loan_Status
LP100001,Male,Yes,2,Not Graduate,No,2823,3764,261.0,360.0,1.0,Urban,Y
LP100002,Male,Yes,0,Graduate,No,3836,3662,339.0,360.0,1.0,Semiurban,Y
LP100003,Female,Yes,3+,Graduate,No,6001,183,145.0,360.0,1.0,Rural,Y
LP100004,Male,Yes,1,Not Graduate,No,3657,626,253.0,300.0,1.0,Rural,Y
LP100005,Male,Yes,0,Graduate,No,4433,611,297.0,240.0,1.0,Semiurban,Y
LP100006,Female,Yes,2,Not Graduate,No,6586,2471,343.0,480.0,,Semiurban,Y
LP100007,Male,No,0,Graduate,No,4265,0,165.0,360.0,1.0,Rural,Y
LP100008,Male,Yes,0,Graduate,No,5851,1411,239.0,360.0,1.0,Rural,Y
LP100009,Male,No,0,Graduate,No,12407,0,366.0,360.0,1.0,Semiurban,Y
LP100010,Male,Yes,1,Not Graduate,No,4701,2828,372.0,360.0,1.0,Urban,Y
LP100011,Male,No,0,Graduate,No,9884,0,598.0,300.0,1.0,Urban,Y
LP100012,Female,Yes,0,Not Graduate,No,7028,2611,423.0,360.0,1.0,Semiurban,Y
LP100013,Male,Yes,0,Not Graduate,Yes,2305,6438,314.0,360.0,1.0,Semiurban,Y
LP100014,Female,No,0,Graduate,No,2818,0,150.0,240.0,1.0,Urban,Y
LP100015,Male,Yes,0,Graduate,,3267,3879,280.0,240.0,1.0,Urban,Y
LP100016,Male,Yes,0,Graduate,No,3229,751,281.0,360.0,1.0,Semiurban,Y
LP100017,Male,No,0,Not Graduate,No,4916,0,227.0,360.0,0.0,Semiurban,N
LP100018,Male,No,0,Graduate,No,7245,0,307.0,360.0,1.0,Semiurban,Y
LP100019,Female,Yes,1,Graduate,No,10305,6250,591.0,180.0,0.0,Semiurban,N
LP100020,Male,Yes,0,Graduate,No,6121,1557,523.0,480.0,1.0,Urban,N
LP100021,Male,No,1,Graduate,No,4044,0,224.0,240.0,,Rural,Y
LP100022,Male,No,0,Not Graduate,No,1800,0,152.0,300.0,1.0,Semiurban,Y
LP100023,Female,No,0,Graduate,No,5371,0,446.0,480.0,1.0,Urban,N
LP100024,Female,Yes,0,Graduate,Yes,5241,455,191.0,360.0,0.0,Semiurban,N
LP100025,Male,No,0,Graduate,No,5714,0,411.0,360.0,1.0,Semiurban,Y
LP100026,Male,Yes,0,Graduate,Yes,16456,6511,700.0,360.0,1.0,Semiurban,Y
LP100027,Male,No,2,Graduate,No,10222,0,,360.0,1.0,Semiurban,Y
LP100028,Male,Yes,0,Not Graduate,No,7957,797,463.0,360.0,0.0,Semiurban,Y
LP100029,Male,No,0,Graduate,No,3044,0,164.0,360.0,1.0,Semiurban,Y
LP100030,Male,Yes,1,Graduate,Yes,3897,2280,261.0,480.0,1.0,Urban,Y
LP100031,Male,Yes,0,Not Graduate,No,4904,4655,393.0,360.0,1.0,Semiurban,Y
LP100032,Female,No,0,Graduate,No,3373,0,247.0,360.0,1.0,Urban,Y
LP100033,Male,Yes,0,Graduate,No,6804,1072,255.0,360.0,1.0,Semiurban,Y
LP100034,,No,0,Graduate,No,6287,0,232.0,360.0,1.0,Semiurban,Y
LP100035,Male,,0,Not Graduate,No,2840,468,128.0,360.0,0.0,Semiurban,N
LP100036,Male,Yes,2,Graduate,No,9979,1781,508.0,360.0,1.0,Urban,Y
LP100037,Male,Yes,3+,Graduate,No,5466,1295,323.0,120.0,1.0,Semiurban,Y
LP100038,Male,Yes,0,Graduate,No,1996,807,138.0,360.0,1.0,Semiurban,Y
LP100039,Male,Yes,,Graduate,,5023,949,418.0,480.0,0.0,Semiurban,N
LP100040,Male,Yes,2,Graduate,No,6031,1599,401.0,360.0,1.0,Semiurban,Y
LP100041,Male,Yes,0,Graduate,No,8822,271,434.0,360.0,1.0,Urban,Y
LP100042,Female,No,2,Not Graduate,No,4291,0,234.0,360.0,1.0,Semiurban,Y
LP100043,,No,1,Not Graduate,No,8147,0,347.0,180.0,1.0,Semiurban,Y
LP100044,Male,No,3+,Graduate,Yes,5727,0,305.0,300.0,1.0,Semiurban,Y
LP100045,Female,Yes,3+,Not Graduate,No,2507,0,84.0,240.0,1.0,Urban,Y
LP100046,Female,Yes,0,Not Graduate,No,2372,0,129.0,240.0,0.0,Rural,N
LP100047,Male,Yes,0,Graduate,No,9580,0,415.0,300.0,1.0,Rural,Y
LP100048,Male,No,0,Graduate,No,9975,0,503.0,360.0,1.0,Rural,Y
LP100049,Male,No,0,Not Graduate,No,6171,0,,120.0,1.0,Urban,N
LP100050,Male,Yes,0,Graduate,No,11762,1941,534.0,480.0,,Semiurban,Y
LP100051,Male,No,3+,Not Graduate,Yes,9239,0,334.0,240.0,0.0,Urban,N
LP100052,Male,Yes,0,Graduate,No,7525,1784,495.0,360.0,1.0,Rural,Y
LP100053,Male,Yes,0,Graduate,No,3130,0,244.0,360.0,1.0,Semiurban,Y
LP100054,Male,Yes,2,Not Graduate,No,13390,339,580.0,240.0,1.0,Urban,Y
LP100055,Male,Yes,0,Graduate,No,6939,675,241.0,360.0,,Semiurban,Y
LP100056,Male,No,0,Graduate,No,4179,0,398.0,360.0,1.0,Rural,Y
LP100057,Male,No,3+,Graduate,No,3578,0,170.0,360.0,,Rural,Y
LP100058,Male,Yes,0,Graduate,Yes,5951,0,321.0,300.0,1.0,Semiurban,Y
LP100059,Male,Yes,0,Graduate,No,2061,2417,208.0,360.0,1.0,Semiurban,Y
LP100060,Male,,0,Graduate,,7592,0,562.0,360.0,1.0,Rural,Y
LP100061,Male,No,3+,Graduate,,3058,0,246.0,,1.0,Rural,N
LP100062,Male,Yes,0,Graduate,No,6335,0,342.0,180.0,0.0,Rural,N
LP100063,Male,Yes,0,Graduate,No,3878,0,188.0,120.0,1.0,Semiurban,Y
LP100064,,Yes,0,Not Graduate,No,4467,2132,208.0,360.0,1.0,Semiurban,Y
LP100065,Male,Yes,0,Graduate,No,3407,0,160.0,360.0,1.0,Rural,Y
LP100066,Male,No,3+,Graduate,No,4728,0,,240.0,,Urban,Y
LP100067,Male,Yes,0,Graduate,No,14606,0,355.0,360.0,0.0,Semiurban,N
LP100068,Male,No,3+,Graduate,No,11068,0,700.0,360.0,1.0,Urban,Y
LP100069,Male,Yes,,Not Graduate,Yes,6279,0,460.0,120.0,0.0,Semiurban,N
LP100070,Male,Yes,0,Graduate,No,5095,3350,351.0,180.0,,Rural,Y
LP100071,Male,No,2,Graduate,No,8220,0,609.0,360.0,0.0,Urban,Y
LP100072,Male,Yes,0,Not Graduate,No,9619,0,438.0,360.0,1.0,Semiurban,Y
LP100073,Female,Yes,0,Not Graduate,No,3273,2220,250.0,360.0,0.0,Urban,N
LP100074,Male,No,2,Not Graduate,No,4951,0,346.0,360.0,0.0,Rural,N
LP100075,Male,No,0,Not Graduate,No,1897,0,75.0,180.0,1.0,Rural,Y
LP100076,Male,Yes,0,Not Graduate,No,9583,391,501.0,360.0,1.0,Semiurban,Y
LP100077,Male,Yes,3+,Graduate,No,16087,934,700.0,360.0,1.0,Semiurban,Y
LP100078,Male,Yes,0,Graduate,No,5399,0,238.0,360.0,0.0,Urban,Y
LP100079,Male,Yes,0,Graduate,No,1800,2466,183.0,360.0,1.0,Rural,Y
LP100080,Male,Yes,0,Graduate,No,7222,0,280.0,360.0,1.0,Semiurban,Y
LP100081,Male,Yes,0,Graduate,No,3142,4104,293.0,360.0,1.0,Urban,Y
LP100082,Male,No,0,Graduate,No,3587,0,152.0,360.0,1.0,Rural,Y
LP100083,Female,No,1,Graduate,No,7293,0,282.0,240.0,1.0,Urban,Y
LP100084,Male,No,0,Not Graduate,No,5943,0,369.0,360.0,1.0,Semiurban,Y
LP100085,Male,No,1,Not Graduate,No,3950,0,142.0,360.0,1.0,Urban,Y
LP100086,Male,No,0,Graduate,Yes,3615,0,230.0,360.0,,Semiurban,N
LP100087,Male,No,0,Graduate,No,5537,0,306.0,240.0,1.0,Urban,Y
LP100088,Male,No,0,Graduate,No,4125,0,250.0,480.0,1.0,Urban,Y
LP100089,Male,Yes,1,Graduate,No,2807,572,117.0,360.0,,Semiurban,Y
LP100090,Male,Yes,0,Not Graduate,,4303,918,385.0,360.0,1.0,Rural,N
LP100091,Male,Yes,0,Not Graduate,No,6228,5438,526.0,360.0,1.0,Urban,N
LP100092,Male,Yes,2,Not Graduate,No,4685,1566,187.0,240.0,1.0,Semiurban,Y
LP100093,Male,Yes,1,Not Graduate,No,2375,1021,238.0,360.0,,Semiurban,N
LP100094,Male,Yes,,Not Graduate,No,8902,401,610.0,360.0,1.0,Rural,N
LP100095,Male,Yes,3+,Graduate,No,1800,626,97.0,,,Urban,Y
LP100096,Male,Yes,0,Graduate,No,4042,4375,221.0,300.0,1.0,Semiurban,Y
LP100097,Male,Yes,0,Graduate,No,3673,714,262.0,300.0,1.0,Rural,Y
LP100098,Male,No,,Graduate,No,5605,0,471.0,360.0,1.0,Semiurban,Y
LP100099,Male,No,0,Graduate,No,7037,0,455.0,240.0,1.0,Semiurban,N
LP100100,Female,Yes,0,Graduate,Yes,9602,0,,360.0,1.0,Rural,Y
LP100101,Female,Yes,2,Not Graduate,No,3492,0,306.0,360.0,1.0,Semiurban,Y
LP100102,Male,Yes,0,Graduate,No,7134,0,415.0,,1.0,Semiurban,Y
LP100103,Male,No,2,Not Graduate,No,5754,0,418.0,360.0,1.0,Semiurban,Y
LP100104,Female,No,3+,Not Graduate,No,2016,0,93.0,360.0,0.0,Rural,Y
LP100105,Male,Yes,,Graduate,Yes,14696,2245,584.0,300.0,1.0,Rural,Y
LP100106,Male,No,1,Graduate,No,2342,0,,180.0,1.0,Semiurban,Y
LP100107,Male,,1,Graduate,No,6508,1882,398.0,180.0,0.0,Semiurban,Y
LP100108,Male,Yes,3+,Graduate,No,6403,457,322.0,240.0,1.0,Semiurban,Y
LP100109,Male,No,0,Graduate,Yes,6013,0,436.0,360.0,1.0,Urban,Y
LP100110,Female,Yes,0,Not Graduate,No,3936,1029,334.0,360.0,1.0,Urban,Y
LP100111,Male,Yes,0,Graduate,No,8144,23,339.0,300.0,1.0,Urban,Y
LP100112,Male,Yes,0,Graduate,No,2190,0,93.0,300.0,1.0,Urban,Y
LP100113,Male,Yes,0,Graduate,No,4983,2910,316.0,480.0,1.0,Semiurban,Y
LP100114,Male,No,1,Graduate,No,3789,0,220.0,240.0,0.0,Urban,N
LP100115,Male,No,0,Graduate,No,3560,0,88.0,360.0,1.0,Urban,N
LP100116,Female,Yes,3+,Graduate,No,6541,0,345.0,360.0,1.0,Semiurban,Y
LP100117,Male,Yes,,Graduate,No,9345,0,516.0,120.0,1.0,Urban,Y
LP100118,Male,,0,Graduate,Yes,4278,0,286.0,360.0,1.0,Urban,Y
LP100119,Male,Yes,0,Graduate,No,7938,5906,509.0,240.0,0.0,Urban,Y
LP100120,Male,No,0,Graduate,No,5310,0,324.0,360.0,0.0,Urban,N
LP100121,Male,No,0,Graduate,Yes,3162,0,155.0,360.0,0.0,Semiurban,N
LP100122,Male,Yes,0,Graduate,No,4483,1115,183.0,360.0,0.0,Rural,N
LP100123,Male,No,0,Graduate,Yes,4382,0,,360.0,1.0,Rural,Y
LP100124,Male,Yes,0,Graduate,No,3522,2722,330.0,360.0,0.0,Rural,N
LP100125,Male,Yes,0,Graduate,Yes,6540,1981,285.0,360.0,1.0,Semiurban,Y
LP100126,Male,Yes,0,Graduate,No,5878,0,267.0,360.0,0.0,Rural,Y
LP100127,,Yes,0,Graduate,,2154,1824,126.0,360.0,0.0,Semiurban,Y
LP100128,Male,No,0,Graduate,No,2083,0,154.0,360.0,0.0,Semiurban,N
LP100129,Male,No,0,Graduate,No,6526,0,267.0,360.0,1.0,Semiurban,Y
LP100130,Male,No,0,Not Graduate,Yes,3300,0,93.0,300.0,1.0,Semiurban,Y
LP100131,Male,No,0,Graduate,No,6100,0,361.0,300.0,1.0,Semiurban,Y
LP100132,Female,Yes,2,Not Graduate,No,7939,0,334.0,360.0,0.0,Urban,Y
LP100133,Male,Yes,3+,Graduate,No,2568,2246,179.0,120.0,1.0,Rural,Y
LP100134,Male,No,3+,Graduate,No,2377,0,46.0,360.0,1.0,Urban,Y
LP100135,Male,No,0,Not Graduate,No,12977,0,700.0,120.0,1.0,Semiurban,Y
LP100136,Male,Yes,0,Not Graduate,No,6269,0,361.0,360.0,0.0,Rural,Y
LP100137,Female,Yes,0,Not Graduate,No,4103,0,199.0,360.0,0.0,Semiurban,N
LP100138,Male,Yes,2,Graduate,No,3091,3267,143.0,360.0,0.0,Urban,N
LP100139,Male,Yes,2,Not Graduate,No,3902,0,231.0,360.0,1.0,Semiurban,Y
LP100140,Male,No,2,Graduate,No,2684,0,216.0,120.0,1.0,Semiurban,Y
LP100141,Male,Yes,2,Graduate,No,8399,451,,180.0,1.0,Rural,Y
LP100142,Male,No,0,Graduate,No,3370,0,121.0,360.0,1.0,Semiurban,Y
LP100143,Female,No,2,Not Graduate,No,9428,0,572.0,360.0,1.0,Semiurban,Y
LP100144,,No,2,Graduate,No,4145,0,240.0,360.0,1.0,Semiurban,N
LP100145,Male,Yes,0,Not Graduate,No,2911,1999,183.0,360.0,0.0,Semiurban,Y
LP100146,Male,Yes,3+,Graduate,No,4087,0,237.0,360.0,1.0,Semiurban,Y
LP100147,Male,,,Not Graduate,No,1800,0,20.0,360.0,0.0,Urban,N
LP100148,Male,No,3+,Graduate,No,4835,0,146.0,360.0,1.0,Urban,Y
LP100149,Male,Yes,2,Not Graduate,No,4705,0,415.0,360.0,1.0,Urban,Y
LP100150,Male,No,,Graduate,No,8132,0,465.0,180.0,1.0,Semiurban,Y
LP100151,Female,Yes,1,Graduate,No,1831,0,150.0,180.0,1.0,Rural,N
LP100152,Female,,0,Graduate,No,9789,0,467.0,360.0,1.0,Semiurban,Y
LP100153,Male,Yes,2,Graduate,No,8114,5940,271.0,360.0,0.0,Semiurban,N
LP100154,Male,Yes,2,Graduate,No,10287,5003,517.0,360.0,1.0,Rural,Y
LP100155,Male,Yes,1,Graduate,No,5019,1458,345.0,360.0,0.0,Urban,Y
LP100156,Male,Yes,2,Graduate,No,9024,261,482.0,360.0,1.0,Urban,Y
LP100157,Male,Yes,0,Graduate,Yes,2300,0,140.0,360.0,,Rural,Y
LP100158,Male,Yes,0,Graduate,No,7648,260,,300.0,,Rural,Y
LP100159,Male,Yes,0,Not Graduate,No,3381,1820,207.0,360.0,,Semiurban,N
LP100160,Male,No,0,Graduate,No,2083,0,210.0,300.0,1.0,Urban,Y
LP100161,Male,Yes,0,Not Graduate,No,2784,2397,229.0,360.0,1.0,Rural,Y
LP100162,Female,No,0,Not Graduate,No,5182,0,348.0,360.0,0.0,Rural,N
LP100163,Male,No,0,Graduate,Yes,3283,0,206.0,360.0,1.0,Semiurban,N
LP100164,Male,Yes,0,Graduate,No,6354,0,189.0,120.0,0.0,Urban,N
LP100165,Male,Yes,2,Graduate,No,1911,0,,300.0,1.0,Semiurban,N
LP100166,Male,No,0,Graduate,No,1800,0,157.0,360.0,1.0,Rural,Y
LP100167,Female,No,2,Graduate,No,10991,0,377.0,360.0,1.0,Rural,Y
LP100168,Female,Yes,0,Graduate,No,8494,2763,472.0,360.0,1.0,Semiurban,Y
LP100169,Male,No,0,Graduate,No,2901,0,153.0,180.0,1.0,Semiurban,Y
LP100170,Female,Yes,0,Graduate,No,5158,2617,401.0,360.0,1.0,Semiurban,Y
LP100171,Male,Yes,0,Not Graduate,Yes,9052,461,306.0,180.0,1.0,Semiurban,Y
LP100172,Male,No,,Graduate,No,6507,0,196.0,360.0,1.0,Semiurban,Y
LP100173,Male,Yes,0,Graduate,Yes,5606,135,264.0,360.0,1.0,Urban,Y
LP100174,Female,No,0,Not Graduate,No,9436,0,335.0,480.0,1.0,Urban,N
LP100175,Male,Yes,0,Graduate,No,3457,8318,411.0,360.0,1.0,Rural,Y
LP100176,,No,1,Graduate,No,5256,0,257.0,360.0,1.0,Urban,Y
LP100177,Male,,0,Not Graduate,No,5116,2081,245.0,360.0,1.0,Urban,Y
LP100178,Female,Yes,2,Graduate,Yes,4447,0,,360.0,0.0,Rural,N
LP100179,Female,Yes,0,Graduate,No,4170,0,230.0,360.0,1.0,Semiurban,Y
LP100180,Male,Yes,3+,Graduate,Yes,5378,353,369.0,360.0,1.0,Urban,Y
LP100181,Female,No,2,Not Graduate,No,5265,0,,360.0,1.0,Semiurban,Y
LP100182,Female,Yes,3+,Graduate,No,2903,0,179.0,360.0,1.0,Rural,Y
LP100183,Male,Yes,2,Graduate,No,8030,0,442.0,360.0,1.0,Semiurban,Y
LP100184,Male,Yes,0,Graduate,No,3020,981,213.0,480.0,1.0,Semiurban,Y
LP100185,,Yes,0,Graduate,Yes,4582,1711,375.0,180.0,1.0,Semiurban,Y
LP100186,Male,No,0,Graduate,No,4392,0,264.0,300.0,1.0,Urban,Y
LP100187,Male,Yes,2,Not Graduate,No,6292,1379,397.0,360.0,0.0,Semiurban,N
LP100188,Male,No,1,Not Graduate,No,1800,0,192.0,360.0,0.0,Urban,Y
LP100189,Male,Yes,0,Graduate,No,8434,2287,631.0,360.0,1.0,Semiurban,Y
LP100190,Male,No,3+,Graduate,No,3560,0,230.0,360.0,1.0,Urban,Y
LP100191,Female,Yes,0,Graduate,No,10107,0,700.0,360.0,0.0,Urban,N
LP100192,Male,Yes,1,Graduate,No,3972,0,246.0,300.0,1.0,Urban,N
LP100193,Male,No,1,Graduate,No,5030,0,258.0,360.0,1.0,Rural,Y
LP100194,Female,,0,Graduate,No,14803,0,700.0,360.0,,Urban,Y
LP100195,Male,No,1,Graduate,No,4436,0,251.0,360.0,1.0,Urban,Y
LP100196,Male,Yes,2,Graduate,No,10212,844,572.0,360.0,1.0,Urban,Y
LP100197,Male,Yes,,Graduate,No,5279,0,337.0,300.0,0.0,Semiurban,Y
LP100198,Female,No,0,Graduate,Yes,6493,0,411.0,240.0,1.0,Semiurban,Y
LP100199,Male,Yes,0,Graduate,No,5369,0,304.0,360.0,,Rural,N
LP100200,,No,1,Not Graduate,No,8236,0,449.0,360.0,0.0,Semiurban,N
LP100201,Male,Yes,0,Not Graduate,No,3544,0,130.0,180.0,1.0,Semiurban,Y
LP100202,Female,Yes,3+,Not Graduate,No,3007,0,206.0,480.0,1.0,Semiurban,Y
LP100203,Male,No,2,Not Graduate,No,3637,0,400.0,360.0,0.0,Urban,N
LP100204,Male,No,0,Graduate,No,5458,0,366.0,360.0,1.0,Rural,Y
LP100205,Male,Yes,0,Not Graduate,No,4576,0,139.0,360.0,1.0,Rural,Y
LP100206,Male,Yes,1,Graduate,No,7636,0,489.0,480.0,0.0,Urban,N
LP100207,Male,Yes,1,Graduate,No,10589,0,687.0,300.0,1.0,Semiurban,Y
LP100208,Male,Yes,0,Graduate,No,3021,2456,210.0,300.0,1.0,Urban,Y
LP100209,Male,Yes,0,Graduate,No,3451,2265,200.0,360.0,1.0,Semiurban,Y
LP100210,Male,Yes,0,Graduate,No,2345,7096,304.0,360.0,1.0,Rural,Y
LP100211,Male,,3+,Graduate,No,15783,0,457.0,360.0,1.0,Rural,Y
LP100212,Male,No,0,Graduate,No,6109,0,,240.0,1.0,Semiurban,Y
LP100213,Male,Yes,2,Not Graduate,No,6727,0,373.0,360.0,1.0,Semiurban,Y
LP100214,Female,Yes,0,Graduate,No,2472,218,203.0,360.0,1.0,Semiurban,N
LP100215,Male,Yes,,Graduate,No,5163,0,275.0,360.0,0.0,Urban,Y
LP100216,,Yes,,Not Graduate,No,6837,1629,531.0,360.0,1.0,Semiurban,Y
LP100217,Male,Yes,0,Graduate,No,4496,3235,409.0,180.0,1.0,Semiurban,Y
LP100218,Male,Yes,3+,Graduate,No,9336,3144,374.0,360.0,1.0,Rural,Y
LP100219,Female,No,3+,Graduate,Yes,18426,0,700.0,360.0,1.0,Rural,Y
LP100220,Male,Yes,0,Graduate,,3069,3170,224.0,360.0,1.0,Urban,Y
LP100221,Male,Yes,0,Graduate,No,2945,637,254.0,360.0,1.0,Urban,Y
LP100222,Male,Yes,0,Not Graduate,No,3188,231,211.0,480.0,1.0,Urban,Y
LP100223,Male,No,0,Not Graduate,No,12499,0,700.0,300.0,1.0,Urban,Y
LP100224,Female,Yes,0,Graduate,No,9166,0,463.0,360.0,1.0,Semiurban,Y
LP100225,Male,Yes,2,Graduate,No,4796,6658,364.0,360.0,1.0,Rural,Y
LP100226,Female,No,0,Not Graduate,Yes,5272,0,371.0,360.0,1.0,Semiurban,Y
LP100227,Male,Yes,1,Graduate,No,3297,1017,60.0,360.0,1.0,Semiurban,Y
LP100228,Male,Yes,0,Graduate,No,8430,314,332.0,360.0,1.0,Semiurban,Y
LP100229,Male,No,0,Graduate,No,4193,0,207.0,360.0,1.0,Semiurban,Y
LP100230,Male,Yes,1,Graduate,No,4478,4377,351.0,240.0,1.0,Rural,Y
LP100231,Male,Yes,0,Graduate,Yes,7222,0,502.0,360.0,0.0,Semiurban,Y
LP100232,Male,Yes,1,Graduate,No,4659,299,290.0,240.0,1.0,Semiurban,Y
LP100233,Female,Yes,0,Graduate,No,4540,381,168.0,120.0,,Rural,Y
LP100234,Male,No,3+,Graduate,No,5197,0,287.0,360.0,1.0,Semiurban,Y
LP100235,Female,Yes,2,Graduate,No,8002,0,284.0,360.0,1.0,Urban,Y
LP100236,Female,Yes,,Graduate,No,12779,1569,577.0,480.0,0.0,Semiurban,Y
LP100237,Male,Yes,0,Not Graduate,No,7130,5062,416.0,360.0,0.0,Semiurban,Y
LP100238,Male,Yes,0,Graduate,Yes,8037,0,531.0,360.0,1.0,Semiurban,Y
LP100239,Male,Yes,0,Graduate,No,4629,0,251.0,360.0,1.0,Rural,Y
LP100240,Male,Yes,0,Graduate,,3501,37,216.0,360.0,0.0,Semiurban,N
LP100241,Female,No,0,Not Graduate,No,7403,0,565.0,480.0,1.0,Semiurban,N
LP100242,Male,Yes,0,Graduate,No,5677,8386,492.0,360.0,1.0,Rural,Y
LP100243,Male,Yes,0,Not Graduate,No,2363,3181,120.0,360.0,1.0,Semiurban,Y
LP100244,Male,,0,Graduate,No,4314,2984,280.0,360.0,1.0,Semiurban,Y
LP100245,Male,Yes,0,Graduate,,4936,311,255.0,300.0,1.0,Urban,Y
LP100246,Female,Yes,0,Graduate,No,3902,282,181.0,360.0,1.0,Semiurban,N
LP100247,Male,Yes,0,Graduate,No,11672,0,685.0,300.0,0.0,Semiurban,N
LP100248,Male,Yes,1,Not Graduate,No,6727,2469,535.0,120.0,1.0,Urban,Y
LP100249,Male,No,0,Not Graduate,No,10996,0,488.0,300.0,1.0,Semiurban,N
LP100250,Male,,0,Graduate,No,5972,0,313.0,300.0,,Urban,Y
LP100251,Male,Yes,0,Not Graduate,No,5403,385,240.0,360.0,1.0,Urban,Y
LP100252,Female,Yes,2,Graduate,No,3087,486,127.0,360.0,1.0,Semiurban,Y
LP100253,Male,Yes,0,Graduate,,5201,1009,410.0,360.0,1.0,Urban,Y
LP100254,Male,Yes,1,Graduate,No,5204,2811,219.0,360.0,1.0,Semiurban,N
LP100255,Male,Yes,3+,Graduate,No,2436,0,142.0,360.0,1.0,Semiurban,Y
LP100256,Male,No,0,Not Graduate,No,3840,0,254.0,120.0,1.0,Semiurban,Y
LP100257,Female,No,3+,Graduate,No,4325,0,219.0,300.0,0.0,Urban,N
LP100258,Male,No,2,Graduate,No,6486,0,293.0,360.0,,Semiurban,N
LP100259,Male,Yes,0,Graduate,Yes,6659,0,397.0,360.0,1.0,Urban,Y
LP100260,Male,No,0,Graduate,No,3753,0,157.0,360.0,1.0,Semiurban,N
LP100261,Male,Yes,1,Graduate,Yes,6687,5041,354.0,360.0,1.0,Semiurban,Y
LP100262,Female,Yes,3+,Graduate,Yes,4674,6254,504.0,360.0,1.0,Semiurban,Y
LP100263,Male,Yes,0,Graduate,No,1800,1383,147.0,360.0,1.0,Semiurban,Y
LP100264,Male,No,0,Graduate,No,3958,0,227.0,480.0,1.0,Rural,Y
LP100265,Female,Yes,1,Graduate,No,9353,638,416.0,120.0,1.0,Urban,Y
LP100266,Male,,0,Graduate,No,2049,0,115.0,480.0,1.0,Rural,Y
LP100267,Male,Yes,2,Graduate,No,5497,74,217.0,360.0,1.0,Rural,Y
LP100268,Male,No,0,Not Graduate,No,12356,0,584.0,360.0,1.0,Semiurban,Y
LP100269,,Yes,1,Not Graduate,No,3400,0,257.0,360.0,1.0,Urban,Y
LP100270,Male,Yes,2,Graduate,No,5173,0,372.0,360.0,0.0,Urban,N
LP100271,Male,No,1,Not Graduate,Yes,2522,0,,360.0,1.0,Rural,Y
LP100272,Male,Yes,1,Graduate,No,12644,0,700.0,360.0,,Urban,Y
LP100273,,Yes,2,Graduate,No,4935,0,147.0,360.0,0.0,Rural,N
LP100274,Male,Yes,2,Graduate,Yes,5301,0,236.0,360.0,1.0,Semiurban,Y
LP100275,Male,Yes,,Graduate,No,10882,395,498.0,,0.0,Semiurban,Y
LP100276,Male,Yes,0,Not Graduate,No,7434,6788,371.0,360.0,0.0,Semiurban,Y
LP100277,Male,Yes,1,Graduate,No,3192,9118,340.0,360.0,1.0,Urban,Y
LP100278,Male,Yes,0,Graduate,No,3619,0,167.0,360.0,0.0,Semiurban,Y
LP100279,Female,No,2,Graduate,No,6783,0,427.0,360.0,1.0,Rural,Y
LP100280,Female,Yes,1,Graduate,No,3666,0,160.0,360.0,1.0,Urban,Y
LP100281,Male,Yes,0,Graduate,,1800,3134,231.0,360.0,1.0,Rural,Y
LP100282,Male,Yes,,Graduate,No,5018,1238,318.0,,0.0,Rural,N
LP100283,Male,Yes,0,Graduate,No,2289,0,146.0,360.0,1.0,Urban,Y
LP100284,Male,Yes,,Graduate,No,12569,832,461.0,360.0,1.0,Semiurban,Y
LP100285,Male,No,0,Graduate,Yes,5694,0,447.0,300.0,1.0,Urban,N
LP100286,Male,No,0,Graduate,No,3141,0,199.0,360.0,1.0,Semiurban,Y
LP100287,Male,Yes,2,Graduate,Yes,3518,1828,174.0,,,Rural,Y
LP100288,Male,Yes,2,Graduate,No,1828,2150,182.0,300.0,1.0,Rural,Y
LP100289,Male,Yes,0,Graduate,Yes,2822,0,140.0,360.0,0.0,Rural,Y
LP100290,Male,Yes,0,Graduate,No,9036,600,371.0,360.0,1.0,Urban,Y
LP100291,Female,Yes,3+,Graduate,No,17632,9034,,360.0,1.0,Semiurban,Y
LP100292,Male,No,1,Not Graduate,No,7704,0,337.0,480.0,1.0,Urban,Y
LP100293,Female,Yes,1,Graduate,No,4912,0,265.0,300.0,0.0,Rural,N
LP100294,Male,Yes,0,Graduate,No,4074,246,156.0,120.0,1.0,Urban,Y
LP100295,Female,Yes,0,Graduate,No,3053,0,69.0,240.0,0.0,Urban,Y
LP100296,Female,Yes,0,Not Graduate,No,16040,6469,635.0,300.0,1.0,Urban,N
LP100297,Female,Yes,1,Not Graduate,No,4657,1152,249.0,360.0,0.0,Urban,N
LP100298,Female,Yes,,Graduate,No,16541,0,700.0,,0.0,Urban,Y
LP100299,Male,No,0,Graduate,No,11119,0,619.0,360.0,1.0,Urban,Y
LP100300,Male,Yes,1,Graduate,No,1983,0,171.0,300.0,1.0,Rural,Y
LP100301,Male,Yes,3+,Not Graduate,No,3582,0,212.0,360.0,1.0,Rural,Y
LP100302,,Yes,2,Graduate,No,3576,770,243.0,120.0,1.0,Urban,Y
LP100303,Male,,0,Graduate,Yes,4945,0,162.0,360.0,1.0,Rural,Y
LP100304,Male,Yes,0,Not Graduate,No,4998,0,230.0,360.0,,Semiurban,Y
LP100305,Female,No,0,Graduate,No,26848,0,700.0,120.0,1.0,Rural,Y
LP100306,Male,No,0,Graduate,No,2857,0,176.0,360.0,1.0,Semiurban,Y
LP100307,Male,Yes,0,Graduate,No,5860,0,383.0,360.0,1.0,Semiurban,Y
LP100308,Male,No,0,Graduate,No,7252,0,476.0,360.0,1.0,Semiurban,Y
LP100309,Male,Yes,1,Graduate,Yes,5162,820,,360.0,0.0,Urban,N
LP100310,Male,No,2,Graduate,No,5490,0,239.0,360.0,1.0,Semiurban,Y
LP100311,Male,Yes,3+,Not Graduate,No,2908,358,141.0,240.0,0.0,Rural,Y
LP100312,Male,No,0,Not Graduate,No,5478,0,223.0,300.0,1.0,Rural,Y
LP100313,Male,Yes,0,Graduate,No,6845,2693,565.0,360.0,1.0,Semiurban,Y
LP100314,Male,Yes,0,Graduate,No,6187,0,427.0,,1.0,Semiurban,Y
LP100315,Male,Yes,0,Graduate,No,7070,371,559.0,360.0,1.0,Rural,N
LP100316,Male,,0,Graduate,No,11237,0,446.0,360.0,1.0,Urban,Y
LP100317,Male,Yes,0,Not Graduate,Yes,8650,490,630.0,360.0,1.0,Urban,Y
LP100318,,Yes,2,Graduate,No,5373,2673,372.0,360.0,1.0,Semiurban,Y
LP100319,Male,No,0,Graduate,No,2712,0,198.0,180.0,1.0,Urban,Y
LP100320,Female,No,,Graduate,No,3714,0,283.0,360.0,1.0,Semiurban,Y
LP100321,Female,Yes,,Graduate,No,4579,947,217.0,360.0,0.0,Urban,N
LP100322,Male,Yes,0,Graduate,No,5936,5254,281.0,360.0,1.0,Semiurban,Y
LP100323,Male,Yes,0,Graduate,No,3972,0,297.0,360.0,1.0,Semiurban,Y
LP100324,Male,No,0,Not Graduate,No,3088,0,216.0,240.0,1.0,Rural,Y
LP100325,Female,Yes,0,Graduate,No,2688,411,187.0,,0.0,Semiurban,N
LP100326,Male,No,3+,Not Graduate,No,2084,0,88.0,360.0,0.0,Semiurban,Y
LP100327,Female,Yes,0,Graduate,No,4540,0,226.0,300.0,1.0,Rural,Y
LP100328,Male,Yes,0,Not Graduate,No,2302,4862,237.0,300.0,1.0,Semiurban,Y
LP100329,Male,Yes,1,Graduate,No,2980,0,105.0,360.0,1.0,Semiurban,Y
LP100330,Male,Yes,0,Graduate,Yes,4160,3267,276.0,360.0,1.0,Urban,Y
LP100331,Male,No,1,Not Graduate,No,2478,0,198.0,360.0,1.0,Semiurban,Y
LP100332,Male,Yes,0,Graduate,Yes,6367,0,354.0,360.0,1.0,Semiurban,Y
LP100333,Male,Yes,2,Graduate,No,7763,3985,387.0,360.0,0.0,Semiurban,N
LP100334,Female,No,0,Graduate,No,3819,0,129.0,120.0,0.0,Rural,Y
LP100335,Male,No,0,Graduate,No,4063,0,218.0,240.0,1.0,Rural,Y
LP100336,Male,No,1,Graduate,No,6944,0,237.0,360.0,1.0,Rural,Y
LP100337,Male,Yes,2,Graduate,No,3489,279,,360.0,1.0,Semiurban,Y
LP100338,Male,Yes,0,Not Graduate,No,3359,695,203.0,480.0,1.0,Rural,Y
LP100339,Male,No,1,Graduate,No,9977,0,676.0,360.0,1.0,Rural,Y
LP100340,Female,Yes,0,Graduate,No,8403,2851,564.0,240.0,1.0,Urban,Y
LP100341,Male,Yes,0,Graduate,No,7193,0,479.0,120.0,1.0,Semiurban,Y
LP100342,Female,No,0,Not Graduate,No,8596,0,426.0,360.0,1.0,Urban,N
LP100343,Female,Yes,1,Graduate,No,1800,243,94.0,300.0,1.0,Urban,Y
LP100344,Male,Yes,0,Graduate,No,10879,743,700.0,300.0,0.0,Urban,Y
LP100345,Male,No,1,Graduate,No,6410,0,453.0,360.0,1.0,Semiurban,Y
LP100346,Male,Yes,0,Graduate,Yes,9009,748,475.0,360.0,0.0,Urban,N
LP100347,Female,Yes,2,Not Graduate,No,6393,266,207.0,360.0,0.0,Urban,N
LP100348,Male,Yes,2,Graduate,Yes,5308,659,215.0,360.0,1.0,Urban,Y
LP100349,Male,Yes,,Not Graduate,No,4441,2817,,240.0,1.0,Semiurban,Y
LP100350,Male,,0,Graduate,No,6323,0,287.0,360.0,0.0,Rural,N
LP100351,Male,No,0,Graduate,,4353,0,141.0,360.0,0.0,Rural,N
LP100352,Male,No,2,Graduate,,8328,0,559.0,360.0,1.0,Semiurban,Y
LP100353,Male,Yes,0,Graduate,No,2159,2724,260.0,120.0,0.0,Urban,N
LP100354,Male,Yes,0,Graduate,No,3836,549,326.0,360.0,0.0,Rural,N
LP100355,,No,0,Graduate,Yes,15909,0,552.0,360.0,1.0,Urban,Y
LP100356,Male,Yes,2,Graduate,No,3662,464,275.0,360.0,1.0,Rural,Y
LP100357,Male,Yes,0,Graduate,Yes,4531,348,275.0,360.0,1.0,Semiurban,Y
LP100358,Male,Yes,0,Graduate,No,3180,442,130.0,480.0,1.0,Semiurban,Y
LP100359,Male,No,3+,Graduate,No,6215,0,425.0,,1.0,Urban,Y
LP100360,Male,Yes,0,Graduate,No,3446,0,212.0,360.0,1.0,Urban,Y
LP100361,Female,No,2,Graduate,No,4665,0,322.0,360.0,1.0,Semiurban,Y
LP100362,Male,Yes,0,Graduate,No,8241,3676,377.0,360.0,1.0,Semiurban,Y
LP100363,Male,Yes,0,Graduate,No,3518,654,321.0,360.0,1.0,Rural,Y
LP100364,Male,Yes,2,Graduate,,7972,35,291.0,360.0,1.0,Semiurban,Y
LP100365,Male,Yes,1,Graduate,No,8121,4041,291.0,480.0,1.0,Semiurban,Y
LP100366,Male,Yes,1,Graduate,No,9230,5568,372.0,360.0,0.0,Urban,Y
LP100367,Male,Yes,0,Graduate,No,5582,4162,297.0,360.0,1.0,Semiurban,Y
LP100368,Male,Yes,0,Graduate,No,30000,0,700.0,180.0,0.0,Urban,Y
LP100369,Male,Yes,0,Graduate,No,9228,23,519.0,360.0,1.0,Semiurban,Y
LP100370,Female,Yes,0,Graduate,No,6178,7107,437.0,240.0,1.0,Semiurban,Y
LP100371,Male,Yes,,Not Graduate,No,3191,1146,238.0,180.0,1.0,Rural,Y
LP100372,Male,No,0,Graduate,No,4898,0,331.0,360.0,1.0,Semiurban,Y
LP100373,Male,Yes,0,Not Graduate,No,11322,2285,473.0,360.0,1.0,Urban,Y
LP100374,Male,No,0,Graduate,No,13230,0,700.0,360.0,1.0,Rural,Y
LP100375,Male,No,0,Graduate,No,11650,0,700.0,360.0,1.0,Semiurban,Y
LP100376,Male,Yes,0,Graduate,No,7957,1103,528.0,300.0,0.0,Semiurban,Y
LP100377,Female,No,2,Graduate,No,2590,0,179.0,360.0,1.0,Semiurban,Y
LP100378,Male,No,1,Not Graduate,No,6754,0,434.0,360.0,0.0,Rural,Y
LP100379,Male,Yes,0,Graduate,Yes,2610,729,102.0,360.0,1.0,Urban,Y
LP100380,Male,Yes,1,Not Graduate,No,2280,0,90.0,300.0,0.0,Semiurban,Y
LP100381,Male,Yes,2,Graduate,No,5893,0,275.0,360.0,1.0,Rural,Y
LP100382,Female,Yes,0,Not Graduate,No,6890,0,197.0,360.0,0.0,Urban,N
LP100383,Male,Yes,0,Not Graduate,No,8492,1658,395.0,480.0,1.0,Rural,Y
LP100384,Male,No,0,Graduate,No,6791,0,238.0,360.0,1.0,Semiurban,Y
LP100385,Male,No,0,Graduate,No,6921,0,484.0,120.0,1.0,Urban,Y
LP100386,Female,Yes,2,Graduate,Yes,3006,795,265.0,360.0,1.0,Urban,Y
LP100387,Male,No,3+,Graduate,No,4877,0,346.0,300.0,1.0,Rural,Y
LP100388,Female,Yes,0,Not Graduate,No,2255,1546,256.0,,1.0,Rural,N
LP100389,Male,No,2,Graduate,No,1800,0,20.0,360.0,1.0,Urban,Y
LP100390,Female,Yes,0,Graduate,No,7765,581,280.0,300.0,1.0,Urban,Y
LP100391,Male,No,1,Graduate,No,3414,0,226.0,360.0,1.0,Urban,N
LP100392,Male,No,2,Graduate,No,8349,0,519.0,300.0,1.0,Urban,Y
LP100393,Male,Yes,0,Not Graduate,No,9505,0,461.0,300.0,,Semiurban,N
LP100394,Male,Yes,0,Graduate,No,3675,1803,217.0,360.0,1.0,Urban,Y
LP100395,Male,No,1,Not Graduate,No,7149,0,382.0,360.0,0.0,Urban,N
LP100396,Male,Yes,3+,Not Graduate,No,3592,514,155.0,360.0,0.0,Urban,N
LP100397,Female,Yes,0,Graduate,No,1872,520,138.0,360.0,0.0,Semiurban,N
LP100398,Male,No,0,Graduate,No,5529,0,217.0,180.0,0.0,Semiurban,N
LP100399,Male,Yes,0,Graduate,No,3988,6086,424.0,360.0,0.0,Semiurban,Y
LP100400,Male,Yes,1,Graduate,No,4056,3088,343.0,360.0,1.0,Semiurban,Y
LP100401,Male,Yes,1,Graduate,No,15313,0,700.0,300.0,1.0,Rural,N
LP100402,Female,Yes,2,Not Graduate,No,2232,1870,206.0,,1.0,Semiurban,N
LP100403,Male,No,,Graduate,No,6378,0,425.0,480.0,1.0,Rural,Y
LP100404,Male,Yes,2,Not Graduate,No,2989,2022,212.0,180.0,1.0,Semiurban,Y
LP100405,Female,Yes,2,Not Graduate,No,8515,0,616.0,360.0,0.0,Urban,N
LP100406,Female,Yes,0,Not Graduate,No,6088,1228,396.0,360.0,1.0,Rural,Y
LP100407,Male,No,1,Graduate,Yes,6365,0,343.0,360.0,1.0,Semiurban,Y
LP100408,Female,Yes,0,Graduate,No,3073,4067,218.0,360.0,1.0,Semiurban,Y
LP100409,Male,No,0,Graduate,Yes,3391,0,287.0,240.0,,Urban,Y
LP100410,Female,No,3+,Graduate,No,8604,0,592.0,180.0,1.0,Semiurban,Y
LP100411,,No,1,Graduate,No,13683,0,340.0,,,Rural,Y
LP100412,Male,No,3+,Graduate,No,6729,0,270.0,360.0,1.0,Urban,Y
LP100413,Male,No,0,Graduate,No,3154,0,173.0,300.0,0.0,Urban,Y
LP100414,Female,No,0,Graduate,No,6226,0,358.0,360.0,0.0,Urban,Y
LP100415,Male,Yes,0,Graduate,,19636,0,700.0,480.0,0.0,Semiurban,N
LP100416,Male,No,0,Graduate,No,5466,0,240.0,360.0,0.0,Rural,N
LP100417,Male,Yes,0,Graduate,No,11545,0,700.0,360.0,1.0,Semiurban,Y
LP100418,Male,Yes,0,Not Graduate,No,3439,0,,360.0,1.0,Rural,N
LP100419,Male,No,0,Graduate,No,5049,0,222.0,360.0,0.0,Semiurban,N
LP100420,Female,No,3+,Not Graduate,No,7265,0,431.0,360.0,1.0,Semiurban,Y
LP100421,Male,No,0,Not Graduate,No,6429,0,298.0,360.0,1.0,Urban,Y
LP100422,Male,Yes,0,Graduate,No,3390,5672,245.0,360.0,1.0,Urban,Y
LP100423,Male,Yes,2,Graduate,No,3310,0,162.0,360.0,1.0,Semiurban,Y
LP100424,Male,Yes,0,Graduate,No,8898,347,396.0,180.0,1.0,Urban,Y
LP100425,Male,Yes,3+,Graduate,No,9950,0,694.0,300.0,1.0,Urban,Y
LP100426,Female,Yes,1,Graduate,No,11869,3143,620.0,360.0,1.0,Rural,N
LP100427,Male,Yes,0,Graduate,No,13935,9148,700.0,360.0,1.0,Semiurban,Y
LP100428,Female,Yes,1,Not Graduate,No,5564,0,287.0,360.0,1.0,Urban,Y
LP100429,Male,No,1,Not Graduate,No,4354,0,315.0,360.0,1.0,Semiurban,N
LP100430,Female,Yes,2,Not Graduate,No,10862,4202,530.0,240.0,0.0,Semiurban,N
LP100431,Female,No,2,Graduate,No,7648,0,542.0,120.0,1.0,Rural,Y
LP100432,Male,Yes,1,Graduate,Yes,3010,1878,190.0,360.0,1.0,Semiurban,Y
LP100433,,Yes,1,Not Graduate,No,2926,4020,107.0,360.0,1.0,Urban,N
LP100434,Female,Yes,0,Graduate,No,6772,842,217.0,360.0,1.0,Urban,Y
LP100435,Male,Yes,1,Graduate,No,4687,1837,191.0,300.0,1.0,Urban,Y
LP100436,Male,No,3+,Graduate,No,5092,0,340.0,360.0,0.0,Semiurban,Y
LP100437,Male,Yes,1,Graduate,No,9320,8022,700.0,360.0,1.0,Semiurban,Y
LP100438,Male,Yes,1,Graduate,No,7844,608,532.0,300.0,1.0,Semiurban,Y
LP100439,Male,No,,Graduate,No,10737,0,298.0,180.0,1.0,Semiurban,Y
LP100440,Male,No,2,Graduate,No,1800,0,207.0,360.0,1.0,Semiurban,Y
LP100441,Female,Yes,3+,Graduate,No,5939,3095,441.0,360.0,1.0,Urban,Y
LP100442,Male,Yes,0,Graduate,No,7571,0,341.0,480.0,1.0,Urban,Y
LP100443,Male,Yes,0,Graduate,Yes,2231,327,118.0,360.0,1.0,Semiurban,Y
LP100444,Male,Yes,0,Graduate,Yes,3604,885,278.0,360.0,0.0,Semiurban,Y
LP100445,Male,Yes,0,Not Graduate,No,3254,14,125.0,120.0,1.0,Rural,Y
LP100446,Male,Yes,,Graduate,No,5229,1224,271.0,360.0,,Urban,N
LP100447,Female,No,0,Graduate,No,12649,0,700.0,360.0,1.0,Semiurban,Y
LP100448,Male,Yes,,Not Graduate,No,15716,516,511.0,360.0,1.0,Urban,Y
LP100449,Male,Yes,1,Graduate,No,3302,93,133.0,480.0,0.0,Semiurban,N
LP100450,Male,Yes,1,Not Graduate,No,6902,3229,399.0,360.0,1.0,Urban,Y
LP100451,Male,No,1,Graduate,No,7026,0,460.0,240.0,1.0,Semiurban,Y
LP100452,Female,Yes,1,Graduate,Yes,6395,5000,559.0,360.0,1.0,Urban,Y
LP100453,Male,No,1,Graduate,No,6435,0,483.0,,1.0,Urban,Y
LP100454,Male,No,2,Graduate,No,6106,0,331.0,180.0,0.0,Semiurban,N
LP100455,Male,Yes,1,Not Graduate,No,13071,0,700.0,360.0,0.0,Semiurban,N
LP100456,Male,Yes,0,Not Graduate,No,9474,0,530.0,360.0,1.0,Semiurban,Y
LP100457,Female,Yes,1,Not Graduate,No,2884,0,150.0,240.0,0.0,Semiurban,N
LP100458,Male,Yes,0,Not Graduate,,8004,1435,297.0,360.0,1.0,Rural,Y
LP100459,Male,No,0,Graduate,No,8441,0,514.0,360.0,1.0,Urban,Y
LP100460,Male,Yes,0,Not Graduate,No,6144,4163,423.0,360.0,0.0,Semiurban,Y
LP100461,Male,No,2,Graduate,No,9627,0,504.0,360.0,1.0,Rural,N
LP100462,Male,Yes,1,Not Graduate,No,5730,339,411.0,480.0,1.0,Semiurban,N
LP100463,Female,Yes,0,Graduate,No,5769,0,353.0,360.0,1.0,Semiurban,Y
LP100464,Male,Yes,1,Graduate,Yes,5523,2022,286.0,,0.0,Semiurban,N
LP100465,Male,No,0,Not Graduate,No,1800,0,41.0,300.0,1.0,Urban,Y
LP100466,Male,No,2,Not Graduate,No,4943,0,179.0,360.0,1.0,Semiurban,Y
LP100467,Male,Yes,2,Graduate,No,3578,3884,206.0,300.0,1.0,Semiurban,Y
LP100468,Female,Yes,1,Graduate,No,2690,1381,161.0,360.0,1.0,Rural,Y
LP100469,Male,No,1,Graduate,Yes,11370,0,401.0,360.0,1.0,Rural,Y
LP100470,Male,Yes,0,Not Graduate,No,6818,2073,310.0,360.0,1.0,Urban,Y
LP100471,Male,No,0,Graduate,Yes,5083,0,226.0,360.0,1.0,Urban,Y
LP100472,Male,Yes,2,Graduate,No,3787,1443,280.0,360.0,1.0,Semiurban,Y
LP100473,Male,Yes,1,Graduate,No,6081,0,383.0,360.0,0.0,Semiurban,Y
LP100474,Male,Yes,0,Graduate,No,8913,8934,617.0,300.0,,Semiurban,Y
LP100475,Male,Yes,0,Graduate,,3279,0,64.0,360.0,1.0,Semiurban,Y
LP100476,Male,,0,Graduate,No,5153,5594,322.0,180.0,0.0,Semiurban,N
LP100477,Male,Yes,0,Not Graduate,No,8328,417,218.0,360.0,1.0,Rural,Y
LP100478,Male,No,0,Not Graduate,No,1800,0,67.0,360.0,1.0,Semiurban,Y
LP100479,Male,Yes,0,Not Graduate,No,5006,2330,213.0,360.0,1.0,Urban,Y
LP100480,Male,Yes,3+,Graduate,Yes,4080,3719,353.0,180.0,1.0,Semiurban,Y
LP100481,Male,Yes,0,Graduate,No,4800,0,,360.0,1.0,Semiurban,Y
LP100482,Male,Yes,0,Graduate,No,3921,3448,277.0,360.0,1.0,Urban,Y
LP100483,Male,Yes,0,Not Graduate,No,5573,7320,574.0,360.0,1.0,Urban,N
LP100484,Male,Yes,0,Graduate,No,14883,319,436.0,360.0,1.0,Semiurban,Y
LP100485,Male,Yes,2,Graduate,Yes,4324,767,214.0,360.0,1.0,Semiurban,Y
LP100486,Male,Yes,0,Not Graduate,No,6066,0,431.0,300.0,1.0,Rural,Y
LP100487,Male,No,2,Graduate,No,15477,0,665.0,360.0,0.0,Semiurban,Y
LP100488,,Yes,2,Not Graduate,No,3818,6471,325.0,360.0,1.0,Urban,Y
LP100489,Male,No,0,Graduate,No,14018,0,700.0,300.0,1.0,Semiurban,Y
LP100490,Male,Yes,1,Graduate,No,5182,0,328.0,360.0,1.0,Semiurban,Y
LP100491,Male,Yes,,Graduate,No,13767,5892,594.0,360.0,1.0,Rural,Y
LP100492,Male,No,0,Graduate,No,7806,0,425.0,360.0,1.0,Semiurban,Y
LP100493,Male,Yes,0,Not Graduate,,6118,9332,327.0,360.0,1.0,Semiurban,N
LP100494,Male,No,3+,Graduate,No,4984,0,175.0,360.0,1.0,Rural,Y
LP100495,Male,Yes,2,Graduate,No,3666,928,160.0,360.0,,Semiurban,N
LP100496,,Yes,0,Not Graduate,No,5387,0,350.0,360.0,,Urban,Y
LP100497,Male,No,1,Graduate,No,8464,0,513.0,360.0,1.0,Semiurban,Y
LP100498,Male,Yes,0,Not Graduate,No,5130,0,230.0,360.0,0.0,Semiurban,Y
LP100499,Male,Yes,2,Graduate,No,4341,2191,211.0,360.0,1.0,Semiurban,Y
LP100500,Male,No,0,Not Graduate,No,4501,0,,360.0,1.0,Rural,Y
LP100501,Male,No,0,Graduate,No,8918,0,627.0,360.0,1.0,Urban,N
LP100502,Female,No,1,Graduate,No,10136,0,403.0,240.0,1.0,Semiurban,Y
LP100503,Female,Yes,3+,Graduate,No,3580,0,182.0,360.0,1.0,Urban,Y
LP100504,Male,Yes,2,Graduate,No,3577,2312,283.0,360.0,1.0,Urban,Y
LP100505,Male,No,0,Graduate,No,6365,0,434.0,360.0,1.0,Semiurban,Y
LP100506,Male,Yes,0,Graduate,No,11970,1742,700.0,360.0,1.0,Rural,N
LP100507,Male,No,3+,Graduate,No,9704,0,425.0,360.0,1.0,Semiurban,Y
LP100508,Female,Yes,3+,Not Graduate,No,2595,5229,222.0,360.0,1.0,Semiurban,Y
LP100509,Male,Yes,0,Graduate,No,4468,0,245.0,360.0,1.0,Urban,Y
LP100510,Male,No,1,Graduate,No,3097,0,123.0,480.0,1.0,Semiurban,Y
LP100511,Male,Yes,0,Not Graduate,No,4460,1529,333.0,240.0,0.0,Semiurban,Y
LP100512,Female,Yes,0,Graduate,No,12487,595,375.0,360.0,1.0,Rural,Y
LP100513,Male,Yes,0,Not Graduate,Yes,2363,0,123.0,,1.0,Semiurban,Y
LP100514,Male,No,0,Not Graduate,No,2121,0,193.0,360.0,1.0,Rural,N
LP100515,Male,No,0,Not Graduate,No,3276,0,248.0,360.0,1.0,Rural,Y
LP100516,Male,Yes,,Not Graduate,No,6051,7781,492.0,360.0,1.0,Semiurban,N
LP100517,,Yes,0,Graduate,No,7269,326,520.0,360.0,1.0,Semiurban,Y
LP100518,,No,0,Graduate,No,6572,0,330.0,360.0,1.0,Semiurban,Y
LP100519,Male,Yes,0,Graduate,No,9864,0,423.0,300.0,1.0,Rural,Y
LP100520,Female,Yes,0,Not Graduate,No,1959,0,20.0,360.0,1.0,Semiurban,Y
LP100521,Female,Yes,0,Graduate,No,9933,2294,700.0,180.0,1.0,Semiurban,Y
LP100522,Male,Yes,1,Not Graduate,No,4352,3478,371.0,360.0,,Semiurban,Y
LP100523,Male,No,0,Graduate,No,7726,0,290.0,360.0,1.0,Semiurban,Y
LP100524,Male,No,1,Graduate,No,2495,0,81.0,360.0,0.0,Rural,N
LP100525,Male,No,3+,Graduate,No,5181,0,300.0,360.0,1.0,Rural,Y
LP100526,Male,Yes,0,Graduate,No,5884,428,289.0,360.0,1.0,Urban,Y
LP100527,Female,Yes,3+,Graduate,No,9756,2637,681.0,360.0,1.0,Urban,Y
LP100528,Female,Yes,3+,Graduate,No,2161,94,102.0,240.0,0.0,Rural,N
LP100529,Male,Yes,2,Not Graduate,No,5255,332,366.0,360.0,1.0,Semiurban,Y
LP100530,Male,Yes,1,Graduate,No,2844,0,213.0,360.0,1.0,Rural,Y
LP100531,Male,Yes,1,Graduate,No,6823,0,340.0,480.0,,Semiurban,N
LP100532,Male,Yes,1,Graduate,No,7923,6755,319.0,360.0,0.0,Rural,N
LP100533,Male,Yes,1,Graduate,No,10488,832,700.0,300.0,0.0,Semiurban,N
LP100534,Male,No,0,Graduate,No,3850,0,313.0,300.0,1.0,Urban,Y
LP100535,Male,Yes,3+,Graduate,No,8604,244,438.0,360.0,1.0,Urban,Y
LP100536,Male,Yes,,Not Graduate,No,10922,0,526.0,240.0,1.0,Semiurban,Y
LP100537,Male,No,2,Graduate,No,2093,0,197.0,360.0,1.0,Urban,Y
LP100538,Male,No,0,Graduate,Yes,7236,0,498.0,,0.0,Rural,Y
LP100539,Male,No,0,Graduate,No,8753,0,582.0,360.0,1.0,Semiurban,Y
LP100540,Female,Yes,0,Graduate,No,4481,7618,358.0,360.0,0.0,Semiurban,N
LP100541,Female,No,0,Not Graduate,No,2655,0,238.0,480.0,1.0,Urban,Y
LP100542,Male,Yes,0,Graduate,No,8679,650,395.0,360.0,1.0,Rural,Y
LP100543,Female,Yes,0,Not Graduate,Yes,2671,2071,204.0,360.0,1.0,Semiurban,Y
LP100544,Female,Yes,0,Graduate,No,4684,0,256.0,360.0,,Rural,Y
LP100545,Male,Yes,0,Graduate,No,5054,1075,315.0,360.0,1.0,Rural,Y
LP100546,Male,Yes,,Graduate,No,7658,629,575.0,360.0,1.0,Semiurban,Y
LP100547,Male,Yes,3+,Graduate,Yes,3660,5231,419.0,360.0,1.0,Rural,Y
LP100548,Male,No,0,Not Graduate,No,3546,0,157.0,360.0,1.0,Semiurban,N
LP100549,Male,,0,Graduate,No,5456,0,351.0,300.0,1.0,Semiurban,Y
LP100550,Male,Yes,0,Not Graduate,No,8987,4106,672.0,180.0,1.0,Urban,Y
LP100551,Male,Yes,0,Not Graduate,No,18180,314,700.0,360.0,1.0,Urban,Y
LP100552,Male,Yes,0,Graduate,No,2255,0,265.0,360.0,1.0,Semiurban,Y
LP100553,Male,Yes,1,Graduate,No,6145,1060,199.0,300.0,1.0,Semiurban,Y
LP100554,Female,Yes,3+,Graduate,No,2842,397,131.0,360.0,1.0,Semiurban,Y
LP100555,Male,Yes,0,Graduate,No,9048,5501,676.0,480.0,1.0,Rural,Y
LP100556,Male,No,1,Not Graduate,No,3083,0,194.0,360.0,0.0,Semiurban,Y
LP100557,Male,No,0,Graduate,No,3565,0,279.0,360.0,1.0,Urban,Y
LP100558,Male,Yes,0,Not Graduate,No,3736,2839,278.0,180.0,1.0,Semiurban,Y
LP100559,Male,Yes,0,Graduate,No,4955,3512,302.0,480.0,1.0,Urban,Y
LP100560,Male,No,0,Graduate,No,6172,0,260.0,360.0,1.0,Rural,Y
LP100561,,No,1,Graduate,Yes,6741,0,391.0,360.0,1.0,Semiurban,Y
LP100562,Male,Yes,1,Graduate,No,5150,1986,261.0,360.0,1.0,Semiurban,Y
LP100563,Female,No,2,Not Graduate,No,2486,0,124.0,360.0,,Semiurban,Y
LP100564,,No,0,Graduate,No,7710,0,538.0,360.0,0.0,Semiurban,N
LP100565,Male,No,1,Not Graduate,No,5018,0,303.0,360.0,1.0,Semiurban,Y
LP100566,Male,Yes,0,Not Graduate,No,9788,764,407.0,480.0,1.0,Urban,N
LP100567,Male,Yes,0,Not Graduate,No,3501,6532,370.0,360.0,1.0,Semiurban,Y
LP100568,,Yes,0,Graduate,No,2140,5954,136.0,360.0,1.0,Rural,Y
LP100569,Male,Yes,1,Not Graduate,No,5071,695,158.0,360.0,1.0,Urban,Y
LP100570,Male,Yes,3+,Graduate,No,10538,72,574.0,360.0,1.0,Semiurban,Y
LP100571,Male,Yes,0,Not Graduate,No,5645,5117,191.0,360.0,1.0,Urban,Y
LP100572,Female,Yes,1,Graduate,Yes,4629,2525,374.0,300.0,1.0,Semiurban,N
LP100573,Male,Yes,2,Graduate,No,3201,1298,273.0,360.0,1.0,Urban,Y
LP100574,Male,No,2,Graduate,No,13586,0,434.0,360.0,1.0,Rural,N
LP100575,Female,Yes,0,Graduate,No,2933,1332,270.0,360.0,1.0,Urban,Y
LP100576,Male,Yes,1,Graduate,No,3467,673,187.0,240.0,1.0,Semiurban,Y
LP100577,Female,No,1,Not Graduate,No,7069,0,429.0,360.0,1.0,Urban,N
LP100578,Male,No,,Graduate,No,1862,0,153.0,360.0,1.0,Semiurban,Y
LP100579,Female,No,0,Not Graduate,No,10415,0,597.0,360.0,1.0,Urban,Y
LP100580,Male,No,3+,Graduate,No,7283,0,219.0,360.0,1.0,Semiurban,Y
LP100581,Male,No,0,Not Graduate,No,8472,0,323.0,360.0,0.0,Rural,N
LP100582,Male,Yes,2,Not Graduate,No,7023,4306,390.0,360.0,1.0,Urban,N
LP100583,Male,Yes,0,Graduate,No,4729,3071,399.0,240.0,1.0,Rural,Y
LP100584,Male,Yes,,Not Graduate,Yes,2879,295,150.0,360.0,,Semiurban,N
LP100585,Female,Yes,0,Not Graduate,No,4784,2393,207.0,480.0,1.0,Semiurban,Y
LP100586,Male,No,0,Not Graduate,No,3022,0,89.0,,1.0,Semiurban,N
LP100587,Male,Yes,,Graduate,No,6751,0,453.0,300.0,1.0,Urban,Y
LP100588,,Yes,0,Graduate,Yes,8052,2158,359.0,360.0,1.0,Semiurban,Y
LP100589,Male,Yes,0,Not Graduate,No,11640,964,677.0,360.0,1.0,Urban,Y
LP100590,Male,,0,Graduate,Yes,6339,13947,580.0,180.0,1.0,Semiurban,Y
LP100591,Female,Yes,2,Not Graduate,No,8591,5088,390.0,300.0,1.0,Semiurban,Y
LP100592,Male,Yes,2,Graduate,No,4388,2264,173.0,240.0,1.0,Rural,N
LP100593,,No,1,Not Graduate,No,3972,0,194.0,300.0,1.0,Urban,Y
LP100594,Male,Yes,0,Graduate,No,6704,997,352.0,360.0,1.0,Rural,Y
LP100595,Male,No,0,Graduate,No,4177,0,284.0,360.0,1.0,Urban,Y
LP100596,Male,No,3+,Not Graduate,Yes,5991,0,407.0,360.0,1.0,Semiurban,Y
LP100597,Male,Yes,0,Not Graduate,,2882,0,91.0,480.0,0.0,Semiurban,Y
LP100598,Male,Yes,0,Not Graduate,No,3181,631,171.0,360.0,1.0,Urban,Y
LP100599,Female,No,3+,Not Graduate,No,7328,0,192.0,360.0,1.0,Urban,Y
LP100600,Male,Yes,3+,Graduate,No,8414,0,377.0,360.0,1.0,Semiurban,Y
LP100601,Male,No,0,Graduate,No,3005,0,237.0,240.0,1.0,Urban,Y
LP100602,Male,Yes,1,Graduate,,7471,379,467.0,360.0,1.0,Semiurban,Y
LP100603,Female,No,0,Graduate,Yes,3854,0,251.0,360.0,1.0,Rural,Y
LP100604,Male,No,2,Graduate,No,5214,0,175.0,360.0,1.0,Semiurban,N
LP100605,Female,Yes,0,Not Graduate,No,11263,6546,658.0,360.0,1.0,Urban,Y
LP100606,Male,Yes,0,Graduate,No,8056,2129,,360.0,1.0,Urban,Y
LP100607,Female,No,1,Graduate,No,8004,0,587.0,360.0,1.0,Urban,Y
LP100608,Male,Yes,0,Graduate,No,14762,598,700.0,360.0,1.0,Semiurban,Y
LP100609,Male,Yes,1,Graduate,No,3508,662,335.0,360.0,1.0,Semiurban,Y
LP100610,Male,Yes,0,Graduate,Yes,3004,0,181.0,360.0,1.0,Urban,Y
LP100611,Male,Yes,2,Graduate,Yes,3473,0,221.0,360.0,1.0,Urban,Y
LP100612,Male,No,2,Graduate,,4492,0,293.0,480.0,1.0,Semiurban,Y
LP100613,Female,No,0,Graduate,No,1800,0,136.0,360.0,1.0,Semiurban,Y
LP100614,Female,Yes,2,Not Graduate,No,4610,0,274.0,360.0,1.0,Semiurban,Y
LP100615,Male,No,0,Graduate,No,3829,0,281.0,180.0,1.0,Rural,Y
LP100616,Male,Yes,0,Graduate,No,7951,913,614.0,300.0,1.0,Urban,Y
LP100617,Male,Yes,0,Graduate,No,6272,0,255.0,360.0,1.0,Semiurban,Y
LP100618,Male,Yes,2,Graduate,No,3713,642,309.0,240.0,1.0,Rural,Y
LP100619,Male,No,2,Graduate,No,7147,0,409.0,360.0,1.0,Semiurban,Y
LP100620,Male,Yes,3+,Not Graduate,No,7691,1598,356.0,360.0,1.0,Rural,N
LP100621,Male,Yes,2,Graduate,No,3386,10259,470.0,360.0,1.0,Rural,Y
LP100622,Male,Yes,3+,Graduate,Yes,3940,4144,264.0,360.0,1.0,Semiurban,Y
LP100623,Female,No,0,Graduate,No,1800,0,114.0,,1.0,Semiurban,Y
LP100624,Male,,3+,Not Graduate,Yes,2836,16535,540.0,360.0,1.0,Semiurban,Y
LP100625,Female,Yes,,Graduate,No,3435,2400,264.0,240.0,1.0,Semiurban,N
LP100626,Male,No,0,Graduate,No,5382,0,439.0,360.0,1.0,Semiurban,Y
LP100627,Male,Yes,1,Not Graduate,No,3072,3084,226.0,300.0,0.0,Semiurban,N
LP100628,Male,Yes,0,Graduate,No,3896,0,222.0,360.0,1.0,Rural,Y
LP100629,Male,Yes,0,Graduate,No,2633,894,266.0,480.0,1.0,Urban,Y
LP100630,Female,Yes,0,Graduate,No,5677,0,164.0,360.0,0.0,Urban,N
LP100631,Female,Yes,0,Graduate,No,6530,1476,450.0,360.0,1.0,Semiurban,Y
LP100632,Female,No,0,Not Graduate,No,6447,0,300.0,360.0,1.0,Urban,Y
LP100633,Male,Yes,2,Graduate,No,5202,0,314.0,360.0,1.0,Semiurban,Y
LP100634,Male,No,1,Graduate,,2214,0,223.0,360.0,0.0,Urban,N
LP100635,Male,No,0,Graduate,No,3674,0,220.0,360.0,0.0,Semiurban,N
LP100636,Male,Yes,0,Graduate,,4130,0,140.0,300.0,1.0,Semiurban,Y
LP100637,Male,Yes,0,Not Graduate,No,4139,0,201.0,360.0,1.0,Urban,Y
LP100638,Male,No,0,Graduate,No,5384,0,272.0,360.0,1.0,Urban,Y
LP100639,Male,Yes,2,Not Graduate,No,11317,0,442.0,360.0,1.0,Semiurban,Y
LP100640,Female,No,0,Graduate,No,8076,0,317.0,360.0,1.0,Semiurban,N
LP100641,Male,No,,Graduate,No,3001,0,212.0,120.0,1.0,Semiurban,N
LP100642,Female,Yes,2,Graduate,No,7503,3410,329.0,360.0,1.0,Urban,Y
LP100643,Male,Yes,1,Not Graduate,No,7348,2384,494.0,300.0,0.0,Urban,Y
LP100644,Male,Yes,2,Graduate,No,3316,3434,181.0,,1.0,Urban,Y
LP100645,Male,Yes,0,Graduate,No,8241,1985,434.0,180.0,1.0,Urban,N
LP100646,Female,Yes,2,Not Graduate,Yes,4731,1084,229.0,300.0,1.0,Rural,N
LP100647,Male,Yes,1,Graduate,Yes,2379,3537,212.0,480.0,0.0,Urban,N
LP100648,Male,No,2,Graduate,No,6637,0,307.0,480.0,0.0,Urban,Y
LP100649,Male,No,1,Graduate,No,5822,0,358.0,360.0,1.0,Rural,Y
LP100650,Male,No,2,Not Graduate,No,4559,0,183.0,360.0,1.0,Semiurban,Y
LP100651,Male,Yes,3+,Graduate,No,5061,0,307.0,360.0,,Semiurban,Y
LP100652,Female,Yes,0,Graduate,No,3479,276,149.0,360.0,1.0,Semiurban,Y
LP100653,Male,Yes,2,Graduate,No,7227,256,438.0,360.0,1.0,Rural,Y
LP100654,Male,Yes,2,Graduate,No,5045,3742,310.0,180.0,1.0,Urban,Y
LP100655,Female,No,0,Graduate,No,5662,0,314.0,360.0,1.0,Urban,Y
LP100656,Male,Yes,3+,Graduate,Yes,6288,0,250.0,480.0,0.0,Rural,Y
LP100657,Female,Yes,0,Graduate,Yes,2738,4864,215.0,300.0,1.0,Rural,Y
LP100658,Male,No,1,Graduate,No,3159,0,137.0,360.0,1.0,Rural,Y
LP100659,Male,Yes,0,Not Graduate,No,1800,0,,360.0,1.0,Semiurban,Y
LP100660,Male,Yes,0,Graduate,No,7049,352,304.0,360.0,1.0,Rural,Y
LP100661,Male,Yes,2,Graduate,No,2653,239,146.0,360.0,,Semiurban,Y
LP100662,Female,Yes,0,Not Graduate,,5558,0,,360.0,1.0,Semiurban,Y
LP100663,Male,No,0,Not Graduate,No,6336,0,429.0,480.0,1.0,Rural,Y
LP100664,Male,Yes,0,Graduate,No,7196,2176,502.0,360.0,1.0,Urban,Y
LP100665,Male,No,0,Graduate,No,2665,0,198.0,120.0,1.0,Urban,Y
LP100666,Male,No,2,Graduate,No,4985,0,220.0,360.0,,Semiurban,Y
LP100667,Female,No,2,Graduate,No,12947,0,700.0,360.0,1.0,Rural,Y
LP100668,Female,Yes,0,Graduate,No,13265,659,475.0,360.0,1.0,Urban,Y
LP100669,Male,Yes,1,Graduate,Yes,8893,6332,539.0,360.0,1.0,Rural,Y
LP100670,Male,No,0,Graduate,No,6221,0,419.0,360.0,0.0,Semiurban,N
LP100671,Male,Yes,1,Graduate,No,2973,0,68.0,360.0,1.0,Semiurban,Y
LP100672,Male,Yes,0,Graduate,No,7671,718,312.0,240.0,1.0,Semiurban,Y
LP100673,Female,No,0,Graduate,No,4737,0,219.0,360.0,1.0,Rural,Y
LP100674,Male,Yes,0,Graduate,No,7032,319,412.0,360.0,0.0,Urban,Y
LP100675,Male,No,1,Not Graduate,No,3648,0,142.0,360.0,1.0,Semiurban,Y
LP100676,Male,No,0,Not Graduate,No,4698,0,276.0,300.0,1.0,Urban,Y
LP100677,Female,No,0,Graduate,No,5655,0,280.0,360.0,1.0,Rural,Y
LP100678,Male,Yes,2,Graduate,No,5916,2037,319.0,360.0,1.0,Rural,Y
LP100679,Male,No,2,Graduate,No,6779,0,305.0,360.0,,Urban,Y
LP100680,Male,Yes,,Graduate,Yes,3757,72,266.0,360.0,1.0,Urban,Y
LP100681,Male,No,2,Not Graduate,Yes,2468,0,179.0,360.0,1.0,Semiurban,Y
LP100682,Male,No,2,Graduate,No,12627,0,700.0,360.0,,Semiurban,Y
LP100683,,No,0,Graduate,No,20314,0,700.0,300.0,1.0,Rural,N
LP100684,Male,Yes,1,Graduate,No,6608,1622,273.0,360.0,1.0,Semiurban,Y
LP100685,Male,Yes,0,Graduate,Yes,2494,75,106.0,300.0,0.0,Semiurban,N
LP100686,Male,Yes,2,Graduate,No,3377,4188,231.0,360.0,0.0,Semiurban,Y
LP100687,Male,Yes,0,Graduate,No,6836,1940,333.0,360.0,1.0,Semiurban,Y
LP100688,Female,Yes,1,Not Graduate,No,10803,3811,700.0,360.0,0.0,Urban,N
LP100689,Male,Yes,0,Graduate,No,2652,0,144.0,300.0,1.0,Urban,Y
LP100690,Male,Yes,0,Graduate,No,4825,171,328.0,360.0,1.0,Semiurban,Y
LP100691,Male,No,3+,Graduate,No,5755,0,391.0,360.0,0.0,Semiurban,Y
LP100692,Female,No,0,Graduate,No,8313,0,446.0,360.0,1.0,Urban,Y
LP100693,Male,Yes,2,Graduate,No,4277,4148,385.0,180.0,1.0,Semiurban,Y
LP100694,Male,No,3+,Graduate,No,2186,0,205.0,360.0,1.0,Urban,Y
LP100695,Female,No,2,Not Graduate,No,7271,0,502.0,360.0,1.0,Semiurban,Y
LP100696,Male,Yes,0,Graduate,No,9592,66,624.0,360.0,,Urban,Y
LP100697,Male,Yes,2,Graduate,No,4937,586,209.0,240.0,1.0,Semiurban,Y
LP100698,Male,No,0,Graduate,No,6457,0,464.0,360.0,0.0,Urban,N
LP100699,Male,No,0,Graduate,No,3980,0,269.0,360.0,0.0,Semiurban,Y
LP100700,Male,No,2,Graduate,No,3245,0,164.0,360.0,1.0,Urban,Y
LP100701,Male,No,1,Not Graduate,Yes,9086,0,673.0,360.0,1.0,Semiurban,Y
LP100702,Male,No,0,Graduate,No,6394,0,270.0,360.0,1.0,Rural,Y
LP100703,Male,Yes,0,Graduate,No,6766,80,161.0,360.0,0.0,Urban,Y
LP100704,Female,Yes,2,Graduate,No,11804,994,504.0,360.0,1.0,Semiurban,Y
LP100705,Male,Yes,1,Graduate,No,2892,1516,183.0,300.0,1.0,Semiurban,Y
LP100706,Male,No,0,Graduate,No,3814,0,217.0,300.0,1.0,Semiurban,Y
LP100707,,Yes,2,Graduate,No,5636,179,461.0,480.0,1.0,Semiurban,Y
LP100708,Male,Yes,0,Graduate,No,3788,2661,300.0,360.0,0.0,Semiurban,N
LP100709,Male,No,0,Graduate,No,7948,0,323.0,360.0,1.0,Semiurban,N
LP100710,Male,Yes,1,Not Graduate,No,4661,0,275.0,240.0,1.0,Rural,Y
LP100711,Female,No,3+,Not Graduate,No,2993,0,136.0,180.0,1.0,Rural,Y
LP100712,Male,Yes,0,Not Graduate,,5357,1444,356.0,300.0,1.0,Urban,Y
LP100713,Female,No,0,Not Graduate,No,5674,0,273.0,360.0,1.0,Semiurban,Y
LP100714,Female,No,0,Not Graduate,Yes,8639,0,622.0,360.0,1.0,Urban,Y
LP100715,Male,Yes,2,Not Graduate,No,6414,3991,334.0,360.0,1.0,Semiurban,N
LP100716,Male,No,0,Not Graduate,No,6658,0,226.0,480.0,0.0,Urban,Y
LP100717,Male,Yes,0,Not Graduate,,6162,0,213.0,240.0,1.0,Urban,Y
LP100718,Male,Yes,3+,Not Graduate,No,4659,351,226.0,360.0,1.0,Semiurban,Y
LP100719,Male,No,0,Not Graduate,No,3484,0,277.0,300.0,,Rural,Y
LP100720,Female,No,1,Graduate,No,6056,0,334.0,360.0,1.0,Urban,Y
LP100721,Male,Yes,0,Graduate,,4302,4207,257.0,480.0,0.0,Semiurban,N
LP100722,Male,Yes,2,Graduate,No,13087,2783,451.0,360.0,1.0,Semiurban,Y
LP100723,Male,No,0,Not Graduate,No,10810,0,693.0,240.0,1.0,Rural,Y
LP100724,Female,Yes,0,Graduate,No,7318,2073,358.0,300.0,1.0,Semiurban,N
LP100725,Male,Yes,0,Not Graduate,No,6362,1110,404.0,,1.0,Urban,Y
LP100726,Male,Yes,2,Not Graduate,No,4923,2289,403.0,,1.0,Urban,N
LP100727,Male,Yes,2,Not Graduate,No,2582,0,70.0,360.0,1.0,Semiurban,Y
LP100728,Male,No,0,Graduate,No,4588,0,250.0,,1.0,Urban,Y
LP100729,,Yes,0,Graduate,No,5463,614,,360.0,1.0,Rural,Y
LP100730,Male,Yes,2,Not Graduate,No,5862,2025,360.0,360.0,1.0,Rural,Y
LP100731,Male,No,0,Not Graduate,No,6689,0,521.0,300.0,1.0,Rural,Y
LP100732,Male,Yes,0,Not Graduate,Yes,8576,0,544.0,360.0,1.0,Urban,Y
LP100733,Male,No,1,Graduate,No,3531,0,317.0,360.0,1.0,Semiurban,Y
LP100734,Male,Yes,0,Graduate,No,3549,610,209.0,360.0,,Semiurban,Y
LP100735,Male,No,0,Graduate,Yes,11476,0,497.0,360.0,1.0,Urban,Y
LP100736,Male,No,0,Not Graduate,No,7895,0,454.0,360.0,1.0,Urban,Y
LP100737,Male,No,0,Graduate,No,4168,0,200.0,240.0,1.0,Urban,Y
LP100738,Male,Yes,0,Not Graduate,No,4871,848,237.0,180.0,1.0,Semiurban,Y
LP100739,Male,Yes,1,Not Graduate,No,4883,655,,360.0,1.0,Rural,Y
LP100740,Male,No,1,Graduate,No,5257,0,342.0,360.0,1.0,Rural,Y
LP100741,Male,,0,Graduate,No,6701,0,433.0,360.0,0.0,Urban,Y
LP100742,Male,Yes,,Graduate,No,20832,488,700.0,360.0,1.0,Semiurban,Y
LP100743,Female,Yes,0,Not Graduate,No,5735,0,407.0,480.0,1.0,Urban,N
LP100744,Male,No,2,Graduate,No,7439,0,355.0,240.0,1.0,Urban,N
LP100745,Male,No,0,Graduate,,2044,0,134.0,300.0,1.0,Urban,Y
LP100746,Male,Yes,2,Graduate,No,3957,0,150.0,360.0,1.0,Semiurban,N
LP100747,Male,No,0,Graduate,No,10156,0,637.0,360.0,1.0,Semiurban,Y
LP100748,Male,Yes,0,Not Graduate,No,6446,1736,334.0,360.0,1.0,Rural,Y
LP100749,Male,Yes,0,Graduate,Yes,1800,330,126.0,360.0,1.0,Rural,Y
LP100750,Female,Yes,0,Graduate,No,7485,0,288.0,360.0,1.0,Urban,Y
LP100751,Male,Yes,0,Graduate,No,14839,0,700.0,360.0,1.0,Semiurban,Y
LP100752,Male,Yes,1,Graduate,No,1800,1348,211.0,360.0,0.0,Urban,Y
LP100753,Male,No,2,Graduate,No,11916,0,504.0,360.0,0.0,Semiurban,N
LP100754,Male,No,0,Not Graduate,No,1800,0,145.0,180.0,1.0,Semiurban,Y
LP100755,Male,Yes,2,Graduate,Yes,8655,0,209.0,360.0,1.0,Urban,Y
LP100756,Male,Yes,2,Graduate,No,5142,841,216.0,360.0,1.0,Urban,Y
LP100757,Male,Yes,2,Graduate,No,1800,428,166.0,360.0,1.0,Urban,Y
LP100758,Female,No,1,Graduate,Yes,6604,0,443.0,180.0,1.0,Urban,Y
LP100759,Male,No,1,Not Graduate,No,9730,0,397.0,360.0,1.0,Rural,Y
LP100760,Male,No,,Graduate,Yes,6312,0,389.0,360.0,1.0,Urban,Y
LP100761,Male,Yes,1,Not Graduate,No,7127,2238,371.0,240.0,1.0,Semiurban,Y
LP100762,Male,Yes,3+,Graduate,No,4120,1843,326.0,360.0,,Rural,Y
LP100763,Male,Yes,0,Graduate,Yes,1856,344,183.0,360.0,1.0,Semiurban,N
LP100764,,Yes,0,Graduate,No,7559,0,615.0,360.0,1.0,Semiurban,Y
LP100765,Female,Yes,0,Graduate,No,13526,0,650.0,300.0,1.0,Rural,Y
LP100766,Male,Yes,3+,Not Graduate,No,9617,0,515.0,360.0,1.0,Urban,Y
LP100767,Male,No,0,Graduate,No,1800,0,155.0,300.0,1.0,Urban,Y
LP100768,Male,Yes,1,Graduate,No,2246,0,156.0,360.0,1.0,Semiurban,Y
LP100769,Male,Yes,,Graduate,No,3245,873,230.0,360.0,1.0,Semiurban,Y
LP100770,Male,No,3+,Graduate,No,2151,0,234.0,180.0,1.0,Rural,Y
LP100771,Male,Yes,0,Not Graduate,No,5294,0,290.0,360.0,0.0,Urban,N
LP100772,Male,No,2,Not Graduate,No,6415,0,450.0,,0.0,Semiurban,Y
LP100773,Male,Yes,2,Graduate,No,2353,47,123.0,360.0,0.0,Semiurban,N
LP100774,Female,No,0,Not Graduate,No,7922,0,476.0,360.0,1.0,Rural,Y
LP100775,Male,Yes,2,Not Graduate,No,7191,0,291.0,360.0,1.0,Urban,Y
LP100776,Female,Yes,0,Graduate,No,3822,1533,292.0,360.0,1.0,Urban,Y
LP100777,Male,No,1,Graduate,No,4699,0,310.0,,,Rural,Y
LP100778,Male,Yes,0,Graduate,No,1800,132,95.0,360.0,1.0,Semiurban,Y
LP100779,Male,Yes,,Not Graduate,No,4304,379,305.0,360.0,1.0,Urban,Y
LP100780,Female,Yes,0,Not Graduate,No,5188,3433,,360.0,1.0,Urban,Y
LP100781,Male,Yes,0,Graduate,No,5669,0,301.0,360.0,1.0,Rural,Y
LP100782,Female,,0,Not Graduate,Yes,6364,0,178.0,360.0,1.0,Semiurban,N
LP100783,Male,Yes,1,Not Graduate,Yes,5910,12309,627.0,360.0,1.0,Semiurban,Y
LP100784,Male,Yes,0,Graduate,No,4468,0,343.0,,1.0,Rural,Y
LP100785,Female,Yes,0,Graduate,Yes,6048,553,356.0,360.0,1.0,Urban,Y
LP100786,Male,No,1,Not Graduate,Yes,8965,0,643.0,300.0,1.0,Urban,Y
LP100787,Female,,1,Not Graduate,No,4902,311,283.0,360.0,1.0,Semiurban,N
LP100788,Male,No,0,Graduate,No,6153,0,219.0,360.0,1.0,Rural,Y
LP100789,Male,No,3+,Graduate,No,4664,0,283.0,180.0,1.0,Urban,Y
LP100790,Male,Yes,0,Graduate,No,3620,530,177.0,180.0,1.0,Semiurban,Y
LP100791,,No,2,Graduate,No,6888,0,298.0,360.0,0.0,Urban,N
LP100792,Male,Yes,0,Graduate,No,3807,441,204.0,480.0,1.0,Urban,Y
LP100793,Male,Yes,2,Graduate,,6389,1749,293.0,360.0,0.0,Rural,N
LP100794,Male,,3+,Graduate,Yes,5248,0,183.0,240.0,1.0,Urban,Y
LP100795,Male,No,,Graduate,No,4371,0,,360.0,1.0,Urban,Y
LP100796,Male,Yes,1,Graduate,No,4314,8343,361.0,360.0,0.0,Rural,Y
LP100797,Male,Yes,1,Graduate,No,3907,0,273.0,480.0,1.0,Semiurban,Y
LP100798,Male,Yes,0,Not Graduate,No,2090,492,131.0,360.0,1.0,Semiurban,Y
LP100799,Male,Yes,1,Graduate,No,6378,139,,300.0,1.0,Rural,Y
LP100800,Male,Yes,2,Graduate,No,5868,1831,312.0,360.0,0.0,Urban,N
LP100801,Male,Yes,3+,Graduate,No,8245,6846,560.0,360.0,0.0,Semiurban,N
LP100802,,Yes,0,Graduate,No,3857,1912,169.0,360.0,1.0,Semiurban,Y
LP100803,Female,Yes,0,Graduate,No,14654,0,599.0,240.0,1.0,Urban,Y
LP100804,Male,No,1,Graduate,No,4193,0,255.0,360.0,1.0,Semiurban,Y
LP100805,Male,No,0,Graduate,No,3193,0,245.0,360.0,1.0,Semiurban,Y
LP100806,Male,No,0,Graduate,No,2991,0,254.0,360.0,1.0,Rural,Y
LP100807,Male,Yes,0,Graduate,No,1991,0,150.0,360.0,1.0,Rural,Y
LP100808,Male,Yes,2,Graduate,,12003,2583,492.0,300.0,1.0,Rural,Y
LP100809,Male,Yes,0,Not Graduate,No,10983,0,586.0,360.0,1.0,Semiurban,Y
LP100810,Female,Yes,0,Not Graduate,No,7190,5268,574.0,360.0,0.0,Urban,N
LP100811,Male,Yes,0,Graduate,No,3156,7151,,360.0,1.0,Rural,Y
LP100812,Male,Yes,2,Graduate,No,13991,333,387.0,180.0,0.0,Semiurban,Y
LP100813,Female,No,1,Graduate,No,4258,0,211.0,,1.0,Semiurban,N
LP100814,Male,Yes,0,Graduate,Yes,4456,0,258.0,300.0,0.0,Rural,N
LP100815,Male,No,0,Graduate,No,11390,0,700.0,360.0,1.0,Urban,Y
LP100816,Female,Yes,1,Graduate,No,7423,20,236.0,360.0,1.0,Urban,Y
LP100817,,No,,Graduate,No,17337,0,512.0,360.0,0.0,Semiurban,N
LP100818,,Yes,1,Graduate,No,5924,278,250.0,480.0,0.0,Semiurban,N
LP100819,Male,,0,Graduate,No,4153,57,142.0,360.0,1.0,Urban,Y
LP100820,Male,Yes,3+,Not Graduate,No,3690,230,204.0,360.0,1.0,Semiurban,Y
LP100821,Male,No,0,Not Graduate,No,1871,0,107.0,120.0,1.0,Rural,Y
LP100822,Male,Yes,1,Graduate,No,4433,0,253.0,240.0,1.0,Semiurban,Y
LP100823,Male,Yes,0,Graduate,No,9697,6613,700.0,300.0,0.0,Urban,Y
LP100824,Male,Yes,3+,Graduate,No,7182,0,556.0,360.0,1.0,Semiurban,Y
LP100825,Female,No,3+,Not Graduate,No,5225,0,432.0,360.0,1.0,Rural,Y
LP100826,Male,Yes,2,Graduate,No,2989,0,112.0,360.0,1.0,Rural,Y
LP100827,Male,Yes,0,Graduate,No,5853,707,151.0,300.0,1.0,Urban,Y
LP100828,Male,Yes,0,Graduate,No,9019,29,400.0,180.0,1.0,Rural,Y
LP100829,Female,No,2,Not Graduate,No,6548,0,514.0,360.0,1.0,Rural,Y
LP100830,Male,Yes,2,Graduate,Yes,5663,2528,279.0,120.0,1.0,Semiurban,Y
LP100831,Male,Yes,0,Graduate,,3333,5301,201.0,360.0,1.0,Semiurban,Y
LP100832,Male,No,0,Graduate,No,8324,0,375.0,360.0,1.0,Urban,Y
LP100833,Male,Yes,0,Graduate,No,1800,130,130.0,360.0,,Semiurban,Y
LP100834,Male,Yes,2,Graduate,No,6378,1036,376.0,360.0,1.0,Urban,Y
LP100835,Male,Yes,1,Graduate,No,21241,0,700.0,360.0,1.0,Urban,Y
LP100836,Male,Yes,1,Graduate,No,2254,0,145.0,360.0,1.0,Rural,Y
LP100837,Male,Yes,1,Graduate,No,4524,0,335.0,360.0,1.0,Urban,Y
LP100838,,Yes,0,Graduate,No,5144,91,195.0,480.0,1.0,Rural,Y
LP100839,Male,No,,Not Graduate,No,4006,0,207.0,360.0,1.0,Semiurban,Y
LP100840,Male,No,0,Graduate,No,9136,0,400.0,360.0,1.0,Rural,N
LP100841,Male,Yes,2,Graduate,Yes,6700,633,350.0,360.0,1.0,Urban,Y
LP100842,Male,Yes,0,Graduate,No,5618,5384,392.0,120.0,1.0,Semiurban,Y
LP100843,Male,Yes,0,Graduate,No,8010,3623,235.0,360.0,1.0,Semiurban,Y
LP100844,Male,No,0,Graduate,No,5215,0,385.0,360.0,1.0,Rural,Y
LP100845,Male,Yes,0,Not Graduate,No,29701,0,700.0,360.0,1.0,Urban,Y
LP100846,Female,Yes,1,Graduate,No,5615,1618,306.0,360.0,1.0,Urban,Y
LP100847,Male,Yes,0,Not Graduate,No,5753,0,382.0,360.0,1.0,Rural,Y
LP100848,Male,Yes,0,Graduate,No,2017,3578,272.0,300.0,1.0,Urban,Y
LP100849,Male,Yes,2,Graduate,No,3832,381,339.0,360.0,1.0,Semiurban,Y
LP100850,Female,No,0,Graduate,No,9711,0,679.0,,1.0,Urban,Y
LP100851,,Yes,0,Graduate,No,2479,0,137.0,360.0,1.0,Urban,Y
LP100852,Male,No,0,Graduate,No,1800,0,,360.0,,Semiurban,Y
LP100853,Female,Yes,2,Graduate,No,5259,548,,300.0,1.0,Semiurban,Y
LP100854,Female,No,0,Graduate,No,10981,0,564.0,360.0,1.0,Semiurban,Y
LP100855,Male,No,2,Graduate,No,5289,0,319.0,360.0,0.0,Semiurban,N
LP100856,Male,No,3+,Graduate,Yes,4295,0,319.0,360.0,1.0,Semiurban,Y
LP100857,Male,Yes,,Not Graduate,No,1859,2167,180.0,360.0,1.0,Rural,Y
LP100858,Female,Yes,0,Graduate,,6626,6924,470.0,240.0,1.0,Urban,Y
LP100859,Male,Yes,2,Graduate,No,7433,3203,559.0,360.0,1.0,Semiurban,Y
LP100860,Male,Yes,0,Graduate,No,1939,0,186.0,360.0,1.0,Semiurban,Y
LP100861,Male,Yes,0,Graduate,No,9643,0,700.0,360.0,1.0,Rural,N
LP100862,Male,No,0,Graduate,Yes,7873,0,563.0,360.0,1.0,Semiurban,Y
LP100863,Male,No,0,Graduate,No,9631,0,,360.0,1.0,Semiurban,Y
LP100864,Male,Yes,0,Graduate,No,7122,0,491.0,360.0,1.0,Semiurban,Y
LP100865,Male,Yes,0,Not Graduate,No,7402,5202,460.0,360.0,1.0,Semiurban,Y
LP100866,Female,No,0,Graduate,No,6880,0,355.0,360.0,1.0,Rural,Y
LP100867,Female,No,0,Graduate,No,8330,0,426.0,360.0,1.0,Semiurban,Y
LP100868,Male,Yes,1,Graduate,No,1900,254,115.0,480.0,1.0,Semiurban,Y
LP100869,Male,Yes,3+,Graduate,No,2263,2125,173.0,480.0,0.0,Urban,N
LP100870,Male,No,0,Graduate,No,3447,0,280.0,360.0,1.0,Semiurban,Y
LP100871,Male,Yes,1,Graduate,No,4811,174,234.0,360.0,,Urban,Y
LP100872,Male,Yes,0,Graduate,No,6396,2222,235.0,300.0,1.0,Rural,Y
LP100873,Female,No,0,Graduate,No,6177,0,314.0,360.0,1.0,Semiurban,Y
LP100874,Male,No,0,Graduate,No,9551,0,297.0,360.0,1.0,Urban,N
LP100875,Male,No,0,Not Graduate,No,9717,0,588.0,360.0,0.0,Urban,N
LP100876,Female,No,0,Graduate,No,3198,0,210.0,360.0,1.0,Semiurban,Y
LP100877,Male,Yes,0,Graduate,,5891,1687,324.0,360.0,1.0,Rural,N
LP100878,Male,Yes,0,Not Graduate,No,3241,71,60.0,480.0,1.0,Semiurban,Y
LP100879,Male,Yes,0,Graduate,No,4659,0,221.0,480.0,1.0,Urban,Y
LP100880,Male,Yes,0,Graduate,No,6167,6614,488.0,360.0,0.0,Semiurban,N
LP100881,,Yes,0,Graduate,No,1800,5544,182.0,360.0,,Rural,Y
LP100882,Male,Yes,0,Not Graduate,,19461,2785,700.0,480.0,1.0,Rural,Y
LP100883,Female,Yes,0,Graduate,No,7055,151,,300.0,1.0,Urban,Y
LP100884,Male,No,0,Graduate,No,3723,0,125.0,300.0,0.0,Semiurban,Y
LP100885,Male,Yes,0,Not Graduate,No,14914,4728,700.0,480.0,,Rural,Y
LP100886,,Yes,0,Graduate,No,4268,194,151.0,360.0,1.0,Rural,N
LP100887,Male,Yes,0,Not Graduate,No,5557,0,273.0,360.0,1.0,Semiurban,Y
LP100888,Male,,3+,Not Graduate,,3952,7493,266.0,240.0,0.0,Semiurban,N
LP100889,Male,No,0,Not Graduate,No,12818,0,658.0,360.0,1.0,Semiurban,Y
LP100890,Male,Yes,,Graduate,Yes,4877,6819,430.0,480.0,1.0,Urban,Y
LP100891,Male,Yes,0,Graduate,No,5609,0,191.0,360.0,1.0,Urban,Y
LP100892,Female,No,3+,Graduate,,10017,0,700.0,360.0,1.0,Semiurban,Y
LP100893,Male,Yes,1,Graduate,No,7128,8939,508.0,360.0,1.0,Urban,Y
LP100894,Male,Yes,1,Graduate,No,5015,758,223.0,360.0,1.0,Semiurban,Y
LP100895,Male,Yes,3+,Not Graduate,No,9516,312,700.0,360.0,1.0,Rural,N
LP100896,Female,Yes,0,Graduate,No,20872,0,700.0,360.0,1.0,Rural,Y
LP100897,,No,3+,Graduate,No,6152,0,403.0,360.0,0.0,Urban,Y
LP100898,Male,Yes,0,Graduate,No,5509,0,356.0,360.0,,Urban,Y
LP100899,Male,Yes,1,Graduate,Yes,5675,557,218.0,360.0,0.0,Semiurban,N
LP100900,Male,Yes,0,Graduate,No,10623,0,640.0,300.0,1.0,Semiurban,Y
LP100901,Male,Yes,0,Graduate,No,3716,5599,347.0,360.0,1.0,Urban,Y
LP100902,Male,Yes,3+,Not Graduate,No,4433,3751,235.0,360.0,1.0,Rural,Y
LP100903,Male,No,0,Graduate,No,2218,0,93.0,360.0,1.0,Urban,Y
LP100904,,Yes,,Graduate,Yes,2694,0,120.0,360.0,1.0,Urban,Y
LP100905,Female,Yes,0,Graduate,No,3886,5488,413.0,240.0,1.0,Semiurban,Y
LP100906,Male,Yes,1,Graduate,No,5010,178,190.0,240.0,1.0,Semiurban,Y
LP100907,Male,Yes,3+,Not Graduate,Yes,13671,0,595.0,360.0,0.0,Semiurban,N
LP100908,Male,Yes,0,Not Graduate,No,6938,0,455.0,300.0,1.0,Semiurban,Y
LP100909,Male,No,3+,Graduate,No,3129,0,241.0,240.0,0.0,Rural,N
LP100910,Male,No,1,Not Graduate,No,3462,0,109.0,480.0,1.0,Urban,Y
LP100911,Male,,1,Graduate,No,11005,0,700.0,300.0,1.0,Semiurban,Y
LP100912,Female,Yes,0,Graduate,No,9601,2360,508.0,360.0,1.0,Urban,Y
LP100913,Female,No,0,Not Graduate,No,5247,0,432.0,360.0,1.0,Semiurban,N
LP100914,Female,Yes,1,Graduate,Yes,4051,1384,260.0,360.0,1.0,Semiurban,Y
LP100915,Female,Yes,0,Graduate,No,9592,0,316.0,360.0,1.0,Semiurban,Y
LP100916,Female,Yes,0,Graduate,No,2992,819,255.0,300.0,,Urban,Y
LP100917,Male,No,0,Graduate,No,6410,0,136.0,360.0,0.0,Rural,N
LP100918,Male,No,2,Graduate,,18033,0,700.0,360.0,1.0,Semiurban,Y
LP100919,Male,Yes,0,Graduate,Yes,5785,1446,236.0,360.0,0.0,Rural,N
LP100920,Male,No,1,Graduate,No,3373,0,275.0,360.0,1.0,Semiurban,Y
LP100921,Male,Yes,3+,Graduate,No,6475,5406,457.0,360.0,,Rural,Y
LP100922,Female,,0,Not Graduate,No,3990,44,280.0,360.0,1.0,Semiurban,Y
LP100923,Male,Yes,0,Graduate,No,2400,3356,193.0,360.0,1.0,Semiurban,Y
LP100924,Male,Yes,1,Not Graduate,Yes,7597,513,563.0,180.0,1.0,Semiurban,Y
LP100925,Male,Yes,0,Graduate,No,9555,1994,439.0,,0.0,Rural,Y
LP100926,Male,Yes,1,Graduate,No,4355,2153,300.0,480.0,1.0,Semiurban,Y
LP100927,Male,Yes,,Graduate,No,4199,73,357.0,360.0,0.0,Semiurban,Y
LP100928,Female,No,1,Not Graduate,No,3045,0,227.0,240.0,1.0,Semiurban,N
LP100929,Male,,0,Graduate,No,4758,0,385.0,360.0,1.0,Semiurban,Y
LP100930,Male,Yes,1,Not Graduate,No,3792,2458,300.0,360.0,1.0,Semiurban,Y
LP100931,Male,Yes,1,Graduate,No,2963,148,152.0,360.0,1.0,Rural,Y
LP100932,Male,Yes,0,Graduate,No,14628,1370,700.0,360.0,1.0,Semiurban,Y
LP100933,Male,No,1,Graduate,No,6678,0,513.0,360.0,,Semiurban,Y
LP100934,Male,No,2,Graduate,No,7079,0,372.0,360.0,0.0,Semiurban,Y
LP100935,Male,No,1,Graduate,No,8399,0,510.0,360.0,1.0,Rural,Y
LP100936,Male,Yes,0,Graduate,No,7896,1159,459.0,360.0,0.0,Urban,N
LP100937,Female,Yes,0,Graduate,No,4117,783,,480.0,1.0,Urban,Y
LP100938,Male,Yes,,Graduate,No,6002,0,225.0,360.0,0.0,Urban,Y
LP100939,Female,Yes,0,Graduate,No,4456,619,310.0,360.0,1.0,Semiurban,Y
LP100940,Male,Yes,0,Graduate,No,6576,942,,360.0,1.0,Semiurban,Y
LP100941,Male,Yes,3+,Graduate,No,6235,0,297.0,240.0,1.0,Semiurban,N
LP100942,Female,Yes,0,Graduate,No,4186,505,189.0,360.0,1.0,Urban,Y
LP100943,Male,Yes,,Graduate,No,2487,0,163.0,360.0,1.0,Rural,Y
LP100944,Male,Yes,0,Graduate,Yes,5599,11327,551.0,360.0,1.0,Semiurban,Y
LP100945,Male,No,0,Graduate,No,4618,0,373.0,480.0,1.0,Semiurban,Y
LP100946,Male,No,0,Not Graduate,No,1827,0,,360.0,,Urban,N
LP100947,Male,Yes,0,Graduate,No,6831,3819,550.0,300.0,1.0,Urban,Y
LP100948,Female,No,2,Graduate,No,8786,0,306.0,360.0,1.0,Urban,Y
LP100949,Female,Yes,3+,Not Graduate,No,20756,0,521.0,120.0,1.0,Semiurban,Y
LP100950,Male,No,2,Graduate,No,4167,0,287.0,360.0,1.0,Semiurban,Y
LP100951,Male,No,0,Graduate,No,3842,0,251.0,360.0,1.0,Urban,Y
LP100952,Male,Yes,2,Not Graduate,No,2807,349,202.0,360.0,1.0,Semiurban,Y
LP100953,Male,No,0,Not Graduate,,5795,0,398.0,360.0,,Urban,N
LP100954,Male,No,3+,Graduate,Yes,5775,0,423.0,360.0,,Semiurban,Y
LP100955,Female,No,0,Graduate,No,3307,0,,480.0,1.0,Urban,Y
LP100956,Female,No,0,Graduate,No,4693,0,361.0,360.0,0.0,Urban,N
LP100957,Male,Yes,0,Not Graduate,No,1800,732,110.0,360.0,1.0,Urban,Y
LP100958,Male,Yes,0,Not Graduate,No,8600,1366,562.0,360.0,1.0,Semiurban,Y
LP100959,,,0,Graduate,No,3382,0,114.0,360.0,,Rural,Y
LP100960,Male,Yes,3+,Graduate,No,5069,4731,295.0,360.0,1.0,Semiurban,Y
LP100961,Male,Yes,2,Graduate,,2357,543,85.0,360.0,1.0,Urban,Y
LP100962,Male,Yes,,Graduate,No,3751,6855,,360.0,1.0,Rural,Y
LP100963,Male,Yes,0,Graduate,No,4430,0,,480.0,0.0,Rural,N
LP100964,Male,Yes,1,Graduate,No,5135,2355,298.0,360.0,1.0,Semiurban,Y
LP100965,Female,No,0,Graduate,No,6727,0,340.0,360.0,1.0,Urban,Y
LP100966,Male,Yes,0,Graduate,No,11401,227,404.0,360.0,0.0,Semiurban,N
LP100967,Female,No,0,Graduate,No,7731,0,272.0,360.0,0.0,Rural,N
LP100968,Male,No,0,Graduate,No,8771,0,574.0,360.0,1.0,Rural,Y
LP100969,Male,Yes,1,Graduate,No,11446,0,543.0,360.0,1.0,Semiurban,Y
LP100970,Male,Yes,0,Graduate,No,7068,0,314.0,360.0,1.0,Semiurban,Y
LP100971,Male,Yes,0,Not Graduate,No,5063,4235,359.0,360.0,,Rural,Y
LP100972,Male,No,1,Graduate,No,9000,0,443.0,300.0,1.0,Urban,Y
LP100973,Male,No,0,Graduate,No,9322,0,579.0,240.0,1.0,Urban,Y
LP100974,Female,Yes,3+,Graduate,Yes,7381,680,538.0,360.0,0.0,Rural,N
LP100975,Male,Yes,0,Graduate,No,2321,0,122.0,360.0,0.0,Urban,N
LP100976,Male,Yes,2,Graduate,No,3253,112,194.0,360.0,1.0,Semiurban,Y
LP100977,Male,Yes,1,Graduate,No,4442,727,195.0,360.0,1.0,Urban,Y
LP100978,Male,No,1,Graduate,No,7933,0,410.0,360.0,1.0,Urban,Y
LP100979,Male,No,1,Graduate,No,5106,0,244.0,300.0,,Urban,Y
LP100980,Male,Yes,2,Graduate,Yes,9655,10345,425.0,300.0,1.0,Semiurban,Y
LP100981,Female,No,1,Graduate,Yes,10651,0,700.0,360.0,1.0,Semiurban,Y
LP100982,Female,,0,Graduate,No,9992,690,452.0,240.0,1.0,Semiurban,Y
LP100983,Male,No,0,Graduate,No,10027,0,508.0,360.0,0.0,Semiurban,Y
LP100984,Male,Yes,1,Graduate,No,2921,5543,142.0,360.0,1.0,Rural,Y
LP100985,Male,Yes,0,Graduate,No,6738,838,454.0,300.0,1.0,Semiurban,Y
LP100986,Female,No,0,Graduate,No,3699,0,149.0,360.0,1.0,Rural,Y
LP100987,Male,Yes,0,Graduate,No,2086,1668,173.0,300.0,1.0,Semiurban,N
LP100988,Male,No,,Graduate,No,4411,0,301.0,360.0,1.0,Urban,Y
LP100989,Male,No,0,Not Graduate,Yes,10706,0,521.0,360.0,0.0,Rural,N
LP100990,Male,Yes,1,Not Graduate,No,6657,0,470.0,360.0,1.0,Rural,Y
LP100991,Male,Yes,2,Not Graduate,,15675,3491,553.0,360.0,,Urban,Y
LP100992,Male,No,2,Graduate,No,5696,0,343.0,360.0,1.0,Semiurban,Y
LP100993,Male,Yes,0,Graduate,No,19857,3766,700.0,,1.0,Semiurban,Y
LP100994,Male,Yes,0,Graduate,No,5697,399,336.0,240.0,0.0,Urban,N
LP100995,Female,Yes,1,Graduate,No,5231,494,360.0,360.0,1.0,Semiurban,Y
LP100996,Male,No,0,Graduate,No,2556,0,141.0,360.0,0.0,Urban,Y
LP100997,Male,Yes,1,Graduate,No,9517,2404,,480.0,1.0,Urban,Y
LP100998,Male,Yes,0,Graduate,No,3920,0,238.0,360.0,1.0,Rural,Y
LP100999,Female,No,3+,Graduate,No,3620,0,264.0,240.0,1.0,Semiurban,Y
LP101000,Male,Yes,0,Graduate,No,10453,710,700.0,360.0,1.0,Rural,Y
