CustomerID,Age,AnnualIncome_k,PurchaseFrequency,SpendingScore
1,27,17.8,11.0,20.8
2,20,26.3,17.2,25.1
3,29,26.5,3.9,30.0
4,30,34.5,6.3,13.5
5,18,30.8,35.0,21.0
6,18,27.5,7.7,33.9
7,26,35.2,9.2,16.1
8,23,16.7,32.7,15.4
9,25,20.5,41.2,23.6
10,21,18.5,8.6,28.8
11,29,22.3,15.1,22.1
12,29,15.4,20.7,32.6
13,25,29.4,31.8,28.9
14,31,23.4,10.1,28.7
15,27,15.0,16.0,26.4
16,21,17.9,24.2,40.6
17,27,27.2,21.5,20.4
18,20,30.9,15.0,6.0
19,29,39.0,16.9,34.8
20,25,45.4,7.0,18.3
21,24,27.9,16.1,22.9
22,22,18.1,15.9,32.5
23,31,15.0,19.9,9.2
24,24,26.9,13.6,12.0
25,23,19.3,21.8,9.2
26,23,22.1,26.1,15.6
27,28,20.7,19.2,25.5
28,27,24.0,20.8,26.2
29,27,32.5,18.4,24.2
30,27,26.1,18.0,10.7
31,36,23.9,12.2,3.5
32,23,17.8,20.5,22.4
33,22,15.0,17.2,18.2
34,21,21.6,34.7,25.7
35,28,24.6,30.6,27.6
36,31,37.4,21.1,23.1
37,24,25.9,11.9,28.1
38,21,31.9,9.1,23.8
39,21,21.5,27.5,26.2
40,28,16.7,20.1,16.4
41,29,18.2,21.8,20.6
42,28,19.9,4.0,23.6
43,22,39.9,25.4,28.6
44,26,19.3,21.6,18.9
45,26,30.9,9.1,26.2
46,26,18.7,14.2,19.9
47,29,31.5,20.1,21.1
48,26,27.7,18.4,28.6
49,28,23.9,15.7,6.1
50,25,24.7,17.2,11.6
51,26,20.4,16.0,10.1
52,28,28.1,19.2,3.3
53,18,21.8,29.8,16.6
54,23,16.4,1.0,28.0
55,23,16.1,16.1,19.7
56,22,26.2,19.4,23.6
57,24,36.1,20.4,30.7
58,32,26.1,15.0,32.6
59,21,24.2,3.9,21.4
60,30,27.0,20.6,32.8
61,18,34.1,31.8,22.7
62,23,26.5,5.7,15.3
63,26,22.1,24.9,17.2
64,28,32.7,15.4,10.2
65,29,28.0,17.5,14.9
66,29,35.8,9.6,19.1
67,23,26.3,15.3,28.4
68,23,16.4,28.4,35.8
69,29,15.4,22.7,10.9
70,24,36.6,31.9,25.1
71,19,37.1,27.4,13.7
72,19,23.7,21.5,25.8
73,20,22.3,32.0,21.0
74,27,35.2,21.5,7.4
75,26,17.3,24.6,29.4
76,28,18.7,15.6,17.2
77,23,29.5,18.5,17.7
78,26,22.2,12.4,13.4
79,28,25.0,25.9,16.8
80,23,23.9,8.6,25.4
81,27,27.4,24.3,20.5
82,22,34.9,16.5,24.6
83,23,25.6,27.4,24.9
84,23,29.5,24.0,32.6
85,19,15.0,32.6,19.3
86,27,24.7,23.8,10.2
87,23,19.1,5.4,30.5
88,25,16.5,17.5,19.3
89,27,18.9,8.6,30.9
90,27,22.7,13.9,25.1
91,28,31.4,30.1,21.0
92,25,15.7,23.1,24.8
93,23,25.2,12.4,37.6
94,25,21.6,9.9,38.6
95,18,22.7,18.3,22.6
96,18,32.0,8.3,23.3
97,18,28.8,12.6,30.6
98,20,34.4,20.5,15.2
99,27,23.9,27.2,24.7
100,20,20.1,22.9,21.8
101,23,23.4,1.0,24.5
102,31,26.7,20.4,15.3
103,23,26.2,18.6,9.3
104,29,17.4,21.3,5.4
105,20,25.6,30.9,13.1
106,24,26.6,1.5,18.3
107,20,42.6,13.3,19.7
108,23,38.1,22.7,37.5
109,29,19.0,5.3,30.8
110,18,23.0,29.8,14.3
111,27,15.0,20.9,24.8
112,26,20.9,24.8,18.7
113,22,27.2,13.4,19.7
114,18,33.4,24.5,23.5
115,25,19.9,26.5,27.0
116,22,20.4,19.9,19.3
117,26,15.0,19.9,30.5
118,25,23.9,20.2,12.9
119,33,17.6,11.1,22.1
120,24,21.3,16.8,42.8
121,31,73.6,19.2,90.2
122,37,66.0,29.0,75.3
123,30,78.9,1.8,89.0
124,33,65.6,8.0,74.3
125,30,65.5,12.6,76.0
126,29,73.8,31.7,77.9
127,26,75.3,22.3,100.0
128,32,73.1,26.1,81.8
129,26,58.2,10.9,69.3
130,33,73.8,11.0,82.8
131,35,62.8,23.6,72.1
132,32,71.6,20.5,71.1
133,29,60.0,24.4,82.3
134,32,73.1,18.5,75.2
135,28,64.4,22.2,77.2
136,35,61.0,21.3,75.1
137,21,75.0,26.2,77.7
138,28,71.7,26.5,78.4
139,20,65.7,7.0,59.5
140,23,80.2,2.0,80.3
141,37,66.9,28.0,67.1
142,34,70.2,29.5,63.5
143,26,71.9,11.8,74.5
144,22,65.7,5.1,75.7
145,18,73.3,20.8,69.5
146,27,66.3,27.4,81.6
147,42,67.1,34.4,64.3
148,32,79.5,24.1,71.7
149,27,62.7,17.0,70.3
150,32,53.1,12.9,74.6
151,22,81.3,20.1,77.2
152,29,87.8,17.6,66.9
153,30,67.2,11.9,80.8
154,30,56.4,36.4,75.5
155,34,67.8,34.3,59.9
156,32,68.0,29.1,59.3
157,33,68.7,12.6,74.9
158,27,62.2,26.8,73.2
159,34,74.1,25.1,74.2
160,38,73.7,23.5,74.8
161,25,59.5,30.0,76.8
162,26,74.9,25.1,82.6
163,37,84.4,25.9,66.1
164,29,71.2,25.1,65.6
165,37,67.6,22.7,66.3
166,28,69.0,5.7,77.3
167,37,74.3,20.7,85.0
168,31,57.9,15.6,71.5
169,31,71.2,9.8,55.0
170,38,67.3,33.5,61.4
171,28,82.9,33.8,68.3
172,25,68.8,30.9,70.5
173,28,81.7,22.0,71.7
174,32,62.3,30.8,75.3
175,22,74.1,20.1,72.5
176,33,72.2,21.6,83.4
177,27,63.9,11.3,69.6
178,36,71.2,23.2,68.1
179,18,78.5,20.5,78.8
180,26,67.7,9.6,62.7
181,22,58.2,19.6,78.1
182,26,69.9,19.4,75.8
183,31,63.7,34.4,73.8
184,29,67.6,27.2,87.7
185,29,69.4,20.1,70.0
186,29,58.1,22.0,91.5
187,31,58.7,20.4,73.2
188,25,73.4,18.4,64.8
189,34,66.3,11.3,75.6
190,33,52.0,18.8,66.4
191,32,75.5,14.0,69.0
192,33,71.9,10.0,78.2
193,31,65.0,24.1,79.4
194,40,60.8,23.1,70.0
195,30,75.9,5.7,82.9
196,28,72.4,19.0,84.3
197,26,86.7,28.0,86.5
198,25,72.9,28.5,79.2
199,24,72.7,28.2,85.9
200,26,68.8,20.3,60.0
201,30,75.7,13.2,72.5
202,32,74.4,11.3,68.1
203,30,78.8,22.8,76.0
204,26,66.4,23.0,70.4
205,35,67.0,30.3,73.7
206,34,66.6,28.8,90.1
207,29,75.5,18.9,73.6
208,27,80.5,10.0,78.3
209,33,66.8,17.4,73.1
210,31,67.0,21.7,75.6
211,23,72.2,18.4,75.0
212,30,68.3,15.4,78.6
213,31,76.7,22.0,84.3
214,26,54.2,16.0,88.2
215,31,64.2,15.0,77.5
216,23,64.5,22.5,79.7
217,37,53.8,16.8,65.8
218,36,63.3,22.0,74.3
219,29,63.6,22.2,82.5
220,32,68.6,10.9,81.9
221,18,77.8,16.2,76.7
222,24,68.3,31.5,82.1
223,29,62.8,10.7,78.9
224,25,69.6,3.1,84.6
225,34,77.3,5.1,77.3
226,40,63.2,20.2,72.2
227,24,63.6,20.2,77.7
228,26,73.9,19.1,51.6
229,31,68.4,29.7,78.1
230,38,74.5,1.0,45.8
231,24,69.9,23.2,61.2
232,31,74.9,32.5,78.6
233,39,62.8,11.0,78.8
234,22,69.9,17.0,65.7
235,24,68.5,14.0,69.3
236,28,61.5,12.8,86.0
237,27,59.1,17.4,71.1
238,34,74.8,31.4,92.9
239,31,67.5,34.7,75.0
240,21,62.8,17.3,78.3
241,58,43.6,39.4,46.4
242,51,37.2,56.8,41.5
243,45,43.4,43.6,41.8
244,49,33.9,55.1,28.0
245,50,38.6,49.9,47.1
246,43,46.6,39.0,51.8
247,49,54.2,47.5,32.4
248,46,64.7,52.9,39.7
249,55,40.9,54.9,35.7
250,50,55.0,48.9,37.3
251,49,46.7,62.3,45.4
252,49,43.9,58.1,28.3
253,51,48.0,47.9,49.9
254,53,45.4,56.0,51.0
255,45,45.8,65.5,43.0
256,45,42.1,65.7,25.2
257,56,35.2,40.2,37.0
258,48,34.2,42.6,54.9
259,43,49.6,61.9,22.8
260,52,43.1,41.5,42.2
261,52,40.8,39.4,35.6
262,42,45.1,46.1,51.4
263,51,50.6,53.4,39.6
264,54,46.3,49.2,48.2
265,52,40.4,44.8,49.5
266,53,53.6,44.6,59.7
267,43,56.1,44.3,43.4
268,52,48.5,43.0,48.0
269,48,51.8,68.3,33.1
270,48,53.7,52.4,54.5
271,54,52.9,57.1,38.9
272,57,49.3,46.1,40.5
273,59,49.2,48.5,44.8
274,57,48.6,44.3,32.5
275,49,37.3,28.8,46.8
276,52,49.9,39.0,52.7
277,54,35.5,35.5,47.3
278,51,39.4,32.0,32.3
279,51,54.1,40.4,44.0
280,54,50.9,60.6,50.9
281,50,55.4,49.6,30.0
282,46,43.1,60.3,36.4
283,48,36.9,53.3,52.0
284,53,43.3,56.3,47.2
285,50,45.7,42.8,48.3
286,52,45.6,54.2,59.9
287,53,52.9,55.8,48.7
288,48,42.5,45.4,50.3
289,54,47.5,54.5,66.7
290,52,38.1,54.5,43.3
291,44,48.2,45.6,38.6
292,57,45.0,41.0,48.4
293,47,39.8,40.5,48.5
294,42,43.3,50.7,40.8
295,45,43.7,52.6,36.7
296,45,43.1,43.7,63.5
297,50,57.4,50.2,47.6
298,49,44.3,54.6,39.1
299,48,43.3,54.9,52.3
300,53,30.3,62.4,44.1
301,52,38.7,60.2,43.0
302,52,43.2,42.0,49.5
303,52,40.2,63.5,34.7
304,53,54.7,45.8,47.8
305,39,43.8,58.4,60.3
306,48,54.0,50.5,48.7
307,39,45.4,46.7,42.0
308,50,45.3,35.5,40.9
309,50,44.4,48.6,41.7
310,55,45.0,37.5,43.0
311,56,57.0,57.7,42.0
312,51,28.8,62.1,52.3
313,47,31.0,43.6,31.1
314,52,41.2,52.4,51.9
315,47,45.1,44.2,42.0
316,50,49.8,45.0,48.0
317,55,48.3,56.2,36.0
318,47,42.3,49.7,55.6
319,54,52.1,63.9,55.0
320,53,52.2,46.1,52.7
321,45,46.3,58.0,32.9
322,55,51.7,50.8,51.6
323,53,46.9,56.4,48.2
324,51,41.1,46.4,32.2
325,46,49.9,49.6,44.8
326,46,45.8,49.1,47.9
327,47,45.0,43.3,49.4
328,53,55.3,55.3,46.4
329,45,27.8,55.2,47.3
330,52,35.1,54.7,56.8
331,44,36.7,62.3,54.8
332,49,42.5,61.6,22.1
333,51,43.2,47.0,42.5
334,62,34.4,53.0,43.7
335,43,38.1,45.0,31.0
336,57,39.0,50.2,45.8
337,51,62.2,45.2,55.0
338,52,57.6,63.0,36.3
339,51,42.1,52.9,47.7
340,52,42.5,48.3,37.7
341,49,37.0,59.5,39.6
342,57,31.6,32.6,56.8
343,48,44.2,33.9,40.7
344,56,38.0,56.4,48.7
345,47,44.4,50.5,30.0
346,50,33.8,52.0,59.9
347,45,39.7,39.4,49.8
348,52,46.0,49.8,43.5
349,57,47.6,66.0,49.6
350,50,47.9,56.6,33.7
351,70,26.0,77.6,16.0
352,66,25.6,87.1,21.1
353,67,39.3,88.1,26.1
354,66,32.3,66.6,6.4
355,65,28.5,75.5,26.9
356,70,33.5,88.9,40.2
357,69,15.2,82.1,21.4
358,70,29.7,79.6,27.1
359,68,44.0,76.3,33.2
360,70,30.9,74.9,23.7
361,66,30.5,80.3,20.4
362,70,33.8,76.0,6.8
363,60,36.3,77.7,30.1
364,70,16.0,78.6,24.1
365,70,18.2,72.6,16.9
366,64,31.5,82.3,26.0
367,70,25.0,100.0,20.3
368,70,39.2,63.8,20.8
369,70,27.8,80.6,29.9
370,68,16.5,71.9,14.3
371,67,21.1,82.6,33.4
372,67,15.0,78.4,13.8
373,70,28.4,84.1,19.7
374,70,28.7,87.4,40.4
375,69,27.0,79.5,34.0
376,63,37.6,87.1,25.8
377,70,38.4,59.2,17.5
378,70,28.8,90.7,20.8
379,70,15.1,81.0,25.6
380,70,34.3,86.6,25.3
381,67,33.9,68.2,24.3
382,63,32.2,71.4,24.8
383,64,36.9,79.2,23.3
384,60,21.8,77.9,13.5
385,69,44.1,80.3,20.9
386,68,23.3,86.7,32.3
387,66,35.2,63.9,14.1
388,53,18.2,85.8,23.5
389,62,23.5,78.1,18.4
390,70,40.6,76.4,25.9
391,65,28.2,66.2,21.9
392,70,35.9,82.0,36.8
393,61,31.7,58.7,29.1
394,70,29.3,83.2,14.5
395,67,39.5,66.1,30.4
396,69,28.3,78.4,18.8
397,70,17.5,77.0,20.4
398,70,24.4,87.4,27.5
399,66,33.9,76.6,21.1
400,65,32.8,72.4,32.1
401,66,19.0,73.9,18.8
402,70,24.9,88.2,20.0
403,67,25.9,82.3,19.7
404,66,27.4,74.9,20.5
405,70,20.4,76.1,33.8
406,67,25.6,65.5,30.0
407,70,24.9,81.1,38.7
408,68,35.4,63.9,43.1
409,70,35.7,84.0,16.8
410,70,29.0,79.0,25.6
411,70,27.3,97.1,15.6
412,64,31.0,69.2,18.8
413,64,24.3,77.2,20.0
414,70,22.0,92.4,16.5
415,70,23.4,87.5,16.6
416,68,25.6,72.4,23.8
417,62,21.9,79.8,15.3
418,61,31.1,78.0,31.7
419,61,35.1,80.3,17.7
420,59,18.9,72.4,47.5
421,69,30.2,77.3,21.4
422,70,28.5,65.2,25.6
423,68,32.4,79.1,14.6
424,57,29.9,81.6,38.6
425,67,19.8,76.2,34.0
426,67,21.2,65.1,27.4
427,70,30.2,85.9,14.2
428,61,37.2,80.9,26.7
429,66,15.0,72.2,16.0
430,70,32.4,75.8,36.7
431,70,38.3,66.0,31.5
432,70,28.9,69.8,25.8
433,69,33.9,73.7,5.5
434,70,25.1,87.8,17.1
435,70,29.2,72.9,30.5
436,64,18.7,83.1,34.7
437,70,15.0,73.7,33.9
438,61,36.6,80.0,12.3
439,70,23.1,76.9,27.4
440,69,26.8,85.0,33.1
441,65,20.3,73.7,11.7
442,68,20.1,65.4,24.9
443,65,28.8,66.9,27.2
444,63,24.9,73.7,22.6
445,66,32.6,68.0,10.2
446,62,33.2,81.3,22.4
447,70,32.2,74.3,22.4
448,62,31.7,97.0,23.8
449,70,41.0,64.1,20.5
450,62,22.5,79.6,21.5
451,65,71.1,68.4,80.1
452,67,82.5,66.7,64.3
453,63,79.2,75.5,72.3
454,63,74.1,74.0,84.2
455,65,79.3,60.8,75.8
456,55,66.9,81.0,73.9
457,67,75.2,71.2,89.2
458,65,76.0,63.1,69.6
459,65,71.7,81.5,71.6
460,70,78.0,77.0,79.7
461,55,69.5,61.9,81.1
462,55,78.6,86.2,82.0
463,66,78.9,77.3,85.3
464,65,54.6,71.9,79.6
465,66,83.3,84.7,81.9
466,63,53.7,73.3,75.9
467,68,70.7,71.8,78.5
468,70,82.2,66.7,78.9
469,67,72.8,76.7,79.7
470,64,64.7,75.8,84.2
471,54,67.3,72.1,82.4
472,69,82.2,65.7,78.4
473,70,61.5,73.0,71.5
474,68,82.9,71.4,78.5
475,61,74.6,61.3,77.8
476,68,66.7,60.2,79.5
477,69,70.9,76.5,95.7
478,70,67.9,51.2,73.8
479,61,81.1,73.6,81.4
480,64,80.1,68.2,86.5
481,69,63.0,82.5,78.8
482,65,72.2,68.1,96.7
483,59,69.0,77.3,75.0
484,67,84.1,68.8,80.6
485,68,65.5,72.9,71.6
486,65,86.2,77.9,75.2
487,66,74.8,68.3,80.0
488,64,66.9,80.0,84.8
489,70,70.3,64.1,80.6
490,60,69.4,74.4,88.1
491,62,66.1,79.4,77.2
492,65,75.7,77.3,75.3
493,69,66.4,87.3,99.6
494,58,59.7,65.9,81.2
495,58,72.3,61.0,72.2
496,55,62.4,64.0,72.4
497,65,69.7,77.3,70.5
498,59,68.6,76.0,85.5
499,63,68.9,72.8,75.1
500,68,89.0,63.0,79.0
501,62,75.4,78.1,77.5
502,66,76.7,62.2,83.9
503,64,62.6,81.3,71.2
504,68,70.4,94.9,69.4
505,67,76.5,74.9,79.8
506,62,67.8,76.7,82.8
507,64,81.4,68.1,80.7
508,70,66.6,57.5,71.5
509,67,73.0,67.2,83.4
510,58,70.9,63.3,72.0
511,68,76.2,60.4,73.8
512,60,70.5,85.8,70.4
513,70,73.1,74.2,88.4
514,70,73.3,75.0,83.1
515,66,69.9,69.5,82.8
516,66,78.4,70.6,88.0
517,64,76.7,79.7,100.0
518,68,74.4,71.7,64.3
519,63,72.0,76.2,72.1
520,66,80.6,70.4,73.1
521,69,73.3,69.3,71.2
522,62,72.9,60.7,69.4
523,62,75.7,56.2,75.6
524,59,86.9,69.9,68.3
525,60,65.6,72.5,80.7
526,56,80.4,61.7,78.4
527,69,61.7,71.7,81.8
528,70,76.5,72.4,82.1
529,70,86.0,54.8,82.8
530,57,78.4,64.7,75.0
531,69,76.2,75.3,95.0
532,70,71.1,75.1,79.9
533,63,75.2,62.8,63.1
534,66,73.2,73.3,70.0
535,55,69.5,80.2,64.1
536,66,73.0,78.2,78.1
537,60,76.4,71.2,77.0
538,66,69.6,68.3,74.3
539,57,69.4,67.0,94.1
540,68,65.5,75.7,82.4
541,70,77.7,73.6,83.8
542,61,78.8,77.0,70.6
543,59,76.6,73.1,70.0
544,54,81.8,78.6,78.3
545,64,75.6,72.8,79.4
546,62,77.7,78.3,63.1
547,57,77.1,79.0,76.6
548,67,74.4,65.6,78.1
549,63,71.3,57.5,76.3
550,60,90.5,84.3,71.5
